contractID,name,type,underlying,underlyingPrice,strike,expiration,price,bid,ask,volume,impliedVol
AAPL240315C00087500,AAPL 2024-03-15 87.5,CALL,AAPL,175.0,87.5,15/03/2024,0.01,0.01,0.01,4962,10.0
AAPL240315P00087500,AAPL 2024-03-15 87.5,PUT,AAPL,175.0,87.5,15/03/2024,0.01,0.01,0.01,8133,10.0
AAPL240315C00105000,AAPL 2024-03-15 105.0,CALL,AAPL,175.0,105.0,15/03/2024,0.01,0.01,0.01,12608,10.0
AAPL240315P00105000,AAPL 2024-03-15 105.0,PUT,AAPL,175.0,105.0,15/03/2024,0.01,0.01,0.01,4355,10.0
AAPL240315C00122500,AAPL 2024-03-15 122.5,CALL,AAPL,175.0,122.5,15/03/2024,0.01,0.01,0.01,4517,10.0
AAPL240315P00122500,AAPL 2024-03-15 122.5,PUT,AAPL,175.0,122.5,15/03/2024,0.01,0.01,0.01,7996,10.0
AAPL240315C00140000,AAPL 2024-03-15 140.0,CALL,AAPL,175.0,140.0,15/03/2024,0.01,0.01,0.01,10350,10.0
AAPL240315P00140000,AAPL 2024-03-15 140.0,PUT,AAPL,175.0,140.0,15/03/2024,0.01,0.01,0.01,8801,10.0
AAPL240315C00157500,AAPL 2024-03-15 157.5,CALL,AAPL,175.0,157.5,15/03/2024,0.01,0.01,0.01,8350,10.0
AAPL240315P00157500,AAPL 2024-03-15 157.5,PUT,AAPL,175.0,157.5,15/03/2024,0.01,0.01,0.01,3947,10.0
AAPL240315C00175000,AAPL 2024-03-15 175.0,CALL,AAPL,175.0,175.0,15/03/2024,0.01,0.01,0.01,5821,10.0
AAPL240315P00175000,AAPL 2024-03-15 175.0,PUT,AAPL,175.0,175.0,15/03/2024,0.01,0.01,0.01,6734,10.0
AAPL240315C00192500,AAPL 2024-03-15 192.5,CALL,AAPL,175.0,192.5,15/03/2024,0.01,0.01,0.01,8427,10.0
AAPL240315P00192500,AAPL 2024-03-15 192.5,PUT,AAPL,175.0,192.5,15/03/2024,0.01,0.01,0.01,9859,10.0
AAPL240315C00210000,AAPL 2024-03-15 210.0,CALL,AAPL,175.0,210.0,15/03/2024,0.01,0.01,0.01,7491,10.0
AAPL240315P00210000,AAPL 2024-03-15 210.0,PUT,AAPL,175.0,210.0,15/03/2024,0.01,0.01,0.01,7509,10.0
AAPL240315C00227500,AAPL 2024-03-15 227.5,CALL,AAPL,175.0,227.5,15/03/2024,0.01,0.01,0.01,6981,10.0
AAPL240315P00227500,AAPL 2024-03-15 227.5,PUT,AAPL,175.0,227.5,15/03/2024,0.01,0.01,0.01,5566,10.0
AAPL240315C00245000,AAPL 2024-03-15 245.0,CALL,AAPL,175.0,245.0,15/03/2024,0.01,0.01,0.01,5302,10.0
AAPL240315P00245000,AAPL 2024-03-15 245.0,PUT,AAPL,175.0,245.0,15/03/2024,0.01,0.01,0.01,7744,10.0
AAPL240315C00262500,AAPL 2024-03-15 262.5,CALL,AAPL,175.0,262.5,15/03/2024,0.01,0.01,0.01,5652,10.0
AAPL240315P00262500,AAPL 2024-03-15 262.5,PUT,AAPL,175.0,262.5,15/03/2024,0.01,0.01,0.01,5149,10.0
AAPL240621C00087500,AAPL 2024-06-21 87.5,CALL,AAPL,175.0,87.5,21/06/2024,0.01,0.01,0.01,5113,10.0
AAPL240621P00087500,AAPL 2024-06-21 87.5,PUT,AAPL,175.0,87.5,21/06/2024,0.01,0.01,0.01,4808,10.0
AAPL240621C00105000,AAPL 2024-06-21 105.0,CALL,AAPL,175.0,105.0,21/06/2024,0.01,0.01,0.01,5088,10.0
AAPL240621P00105000,AAPL 2024-06-21 105.0,PUT,AAPL,175.0,105.0,21/06/2024,0.01,0.01,0.01,2424,10.0
AAPL240621C00122500,AAPL 2024-06-21 122.5,CALL,AAPL,175.0,122.5,21/06/2024,0.01,0.01,0.01,10198,10.0
AAPL240621P00122500,AAPL 2024-06-21 122.5,PUT,AAPL,175.0,122.5,21/06/2024,0.01,0.01,0.01,8392,10.0
AAPL240621C00140000,AAPL 2024-06-21 140.0,CALL,AAPL,175.0,140.0,21/06/2024,0.01,0.01,0.01,9302,10.0
AAPL240621P00140000,AAPL 2024-06-21 140.0,PUT,AAPL,175.0,140.0,21/06/2024,0.01,0.01,0.01,10738,10.0
AAPL240621C00157500,AAPL 2024-06-21 157.5,CALL,AAPL,175.0,157.5,21/06/2024,0.01,0.01,0.01,13781,10.0
AAPL240621P00157500,AAPL 2024-06-21 157.5,PUT,AAPL,175.0,157.5,21/06/2024,0.01,0.01,0.01,8942,10.0
AAPL240621C00175000,AAPL 2024-06-21 175.0,CALL,AAPL,175.0,175.0,21/06/2024,0.01,0.01,0.01,11778,10.0
AAPL240621P00175000,AAPL 2024-06-21 175.0,PUT,AAPL,175.0,175.0,21/06/2024,0.01,0.01,0.01,10147,10.0
AAPL240621C00192500,AAPL 2024-06-21 192.5,CALL,AAPL,175.0,192.5,21/06/2024,0.01,0.01,0.01,9001,10.0
AAPL240621P00192500,AAPL 2024-06-21 192.5,PUT,AAPL,175.0,192.5,21/06/2024,0.01,0.01,0.01,9058,10.0
AAPL240621C00210000,AAPL 2024-06-21 210.0,CALL,AAPL,175.0,210.0,21/06/2024,0.01,0.01,0.01,13490,10.0
AAPL240621P00210000,AAPL 2024-06-21 210.0,PUT,AAPL,175.0,210.0,21/06/2024,0.01,0.01,0.01,7346,10.0
AAPL240621C00227500,AAPL 2024-06-21 227.5,CALL,AAPL,175.0,227.5,21/06/2024,0.01,0.01,0.01,7101,10.0
AAPL240621P00227500,AAPL 2024-06-21 227.5,PUT,AAPL,175.0,227.5,21/06/2024,0.01,0.01,0.01,3145,10.0
AAPL240621C00245000,AAPL 2024-06-21 245.0,CALL,AAPL,175.0,245.0,21/06/2024,0.01,0.01,0.01,5894,10.0
AAPL240621P00245000,AAPL 2024-06-21 245.0,PUT,AAPL,175.0,245.0,21/06/2024,0.01,0.01,0.01,7730,10.0
AAPL240621C00262500,AAPL 2024-06-21 262.5,CALL,AAPL,175.0,262.5,21/06/2024,0.01,0.01,0.01,9219,10.0
AAPL240621P00262500,AAPL 2024-06-21 262.5,PUT,AAPL,175.0,262.5,21/06/2024,0.01,0.01,0.01,8124,10.0
AAPL240920C00087500,AAPL 2024-09-20 87.5,CALL,AAPL,175.0,87.5,20/09/2024,0.01,0.01,0.01,8153,10.0
AAPL240920P00087500,AAPL 2024-09-20 87.5,PUT,AAPL,175.0,87.5,20/09/2024,0.01,0.01,0.01,7296,10.0
AAPL240920C00105000,AAPL 2024-09-20 105.0,CALL,AAPL,175.0,105.0,20/09/2024,0.01,0.01,0.01,8864,10.0
AAPL240920P00105000,AAPL 2024-09-20 105.0,PUT,AAPL,175.0,105.0,20/09/2024,0.01,0.01,0.01,8511,10.0
AAPL240920C00122500,AAPL 2024-09-20 122.5,CALL,AAPL,175.0,122.5,20/09/2024,0.01,0.01,0.01,7980,10.0
AAPL240920P00122500,AAPL 2024-09-20 122.5,PUT,AAPL,175.0,122.5,20/09/2024,0.01,0.01,0.01,8443,10.0
AAPL240920C00140000,AAPL 2024-09-20 140.0,CALL,AAPL,175.0,140.0,20/09/2024,0.01,0.01,0.01,9882,10.0
AAPL240920P00140000,AAPL 2024-09-20 140.0,PUT,AAPL,175.0,140.0,20/09/2024,0.01,0.01,0.01,6553,10.0
AAPL240920C00157500,AAPL 2024-09-20 157.5,CALL,AAPL,175.0,157.5,20/09/2024,0.01,0.01,0.01,11500,10.0
AAPL240920P00157500,AAPL 2024-09-20 157.5,PUT,AAPL,175.0,157.5,20/09/2024,0.01,0.01,0.01,17030,10.0
AAPL240920C00175000,AAPL 2024-09-20 175.0,CALL,AAPL,175.0,175.0,20/09/2024,0.01,0.01,0.01,8937,10.0
AAPL240920P00175000,AAPL 2024-09-20 175.0,PUT,AAPL,175.0,175.0,20/09/2024,0.01,0.01,0.01,8848,10.0
AAPL240920C00192500,AAPL 2024-09-20 192.5,CALL,AAPL,175.0,192.5,20/09/2024,0.01,0.01,0.01,7071,10.0
AAPL240920P00192500,AAPL 2024-09-20 192.5,PUT,AAPL,175.0,192.5,20/09/2024,0.01,0.01,0.01,12465,10.0
AAPL240920C00210000,AAPL 2024-09-20 210.0,CALL,AAPL,175.0,210.0,20/09/2024,0.01,0.01,0.01,9138,10.0
AAPL240920P00210000,AAPL 2024-09-20 210.0,PUT,AAPL,175.0,210.0,20/09/2024,0.01,0.01,0.01,12801,10.0
AAPL240920C00227500,AAPL 2024-09-20 227.5,CALL,AAPL,175.0,227.5,20/09/2024,0.01,0.01,0.01,5528,10.0
AAPL240920P00227500,AAPL 2024-09-20 227.5,PUT,AAPL,175.0,227.5,20/09/2024,0.01,0.01,0.01,5305,10.0
AAPL240920C00245000,AAPL 2024-09-20 245.0,CALL,AAPL,175.0,245.0,20/09/2024,0.01,0.01,0.01,8089,10.0
AAPL240920P00245000,AAPL 2024-09-20 245.0,PUT,AAPL,175.0,245.0,20/09/2024,0.01,0.01,0.01,7039,10.0
AAPL240920C00262500,AAPL 2024-09-20 262.5,CALL,AAPL,175.0,262.5,20/09/2024,0.01,0.01,0.01,5588,10.0
AAPL240920P00262500,AAPL 2024-09-20 262.5,PUT,AAPL,175.0,262.5,20/09/2024,0.01,0.01,0.01,9812,10.0
AAPL241220C00087500,AAPL 2024-12-20 87.5,CALL,AAPL,175.0,87.5,20/12/2024,0.01,0.01,0.01,6478,10.0
AAPL241220P00087500,AAPL 2024-12-20 87.5,PUT,AAPL,175.0,87.5,20/12/2024,0.01,0.01,0.01,7127,10.0
AAPL241220C00105000,AAPL 2024-12-20 105.0,CALL,AAPL,175.0,105.0,20/12/2024,0.01,0.01,0.01,6209,10.0
AAPL241220P00105000,AAPL 2024-12-20 105.0,PUT,AAPL,175.0,105.0,20/12/2024,0.01,0.01,0.01,9638,10.0
AAPL241220C00122500,AAPL 2024-12-20 122.5,CALL,AAPL,175.0,122.5,20/12/2024,0.01,0.01,0.01,7755,10.0
AAPL241220P00122500,AAPL 2024-12-20 122.5,PUT,AAPL,175.0,122.5,20/12/2024,0.01,0.01,0.01,12210,10.0
AAPL241220C00140000,AAPL 2024-12-20 140.0,CALL,AAPL,175.0,140.0,20/12/2024,0.01,0.01,0.01,6325,10.0
AAPL241220P00140000,AAPL 2024-12-20 140.0,PUT,AAPL,175.0,140.0,20/12/2024,0.01,0.01,0.01,1188,10.0
AAPL241220C00157500,AAPL 2024-12-20 157.5,CALL,AAPL,175.0,157.5,20/12/2024,0.01,0.01,0.01,7712,10.0
AAPL241220P00157500,AAPL 2024-12-20 157.5,PUT,AAPL,175.0,157.5,20/12/2024,0.01,0.01,0.01,14022,10.0
AAPL241220C00175000,AAPL 2024-12-20 175.0,CALL,AAPL,175.0,175.0,20/12/2024,0.01,0.01,0.01,11997,10.0
AAPL241220P00175000,AAPL 2024-12-20 175.0,PUT,AAPL,175.0,175.0,20/12/2024,0.01,0.01,0.01,11261,10.0
AAPL241220C00192500,AAPL 2024-12-20 192.5,CALL,AAPL,175.0,192.5,20/12/2024,0.01,0.01,0.01,11362,10.0
AAPL241220P00192500,AAPL 2024-12-20 192.5,PUT,AAPL,175.0,192.5,20/12/2024,0.01,0.01,0.01,9562,10.0
AAPL241220C00210000,AAPL 2024-12-20 210.0,CALL,AAPL,175.0,210.0,20/12/2024,0.01,0.01,0.01,10044,10.0
AAPL241220P00210000,AAPL 2024-12-20 210.0,PUT,AAPL,175.0,210.0,20/12/2024,0.01,0.01,0.01,6761,10.0
AAPL241220C00227500,AAPL 2024-12-20 227.5,CALL,AAPL,175.0,227.5,20/12/2024,0.01,0.01,0.01,3946,10.0
AAPL241220P00227500,AAPL 2024-12-20 227.5,PUT,AAPL,175.0,227.5,20/12/2024,0.01,0.01,0.01,6312,10.0
AAPL241220C00245000,AAPL 2024-12-20 245.0,CALL,AAPL,175.0,245.0,20/12/2024,0.01,0.01,0.01,5378,10.0
AAPL241220P00245000,AAPL 2024-12-20 245.0,PUT,AAPL,175.0,245.0,20/12/2024,0.01,0.01,0.01,8639,10.0
AAPL241220C00262500,AAPL 2024-12-20 262.5,CALL,AAPL,175.0,262.5,20/12/2024,0.01,0.01,0.01,6472,10.0
AAPL241220P00262500,AAPL 2024-12-20 262.5,PUT,AAPL,175.0,262.5,20/12/2024,0.01,0.01,0.01,8124,10.0
AAPL250117C00087500,AAPL 2025-01-17 87.5,CALL,AAPL,175.0,87.5,17/01/2025,90.96,88.69,93.23,6170,35.7
AAPL250117P00087500,AAPL 2025-01-17 87.5,PUT,AAPL,175.0,87.5,17/01/2025,3.46,3.37,3.55,6322,35.7
AAPL250117C00105000,AAPL 2025-01-17 105.0,CALL,AAPL,175.0,105.0,17/01/2025,73.36,71.53,75.19,3740,34.7
AAPL250117P00105000,AAPL 2025-01-17 105.0,PUT,AAPL,175.0,105.0,17/01/2025,3.36,3.28,3.44,7949,34.7
AAPL250117C00122500,AAPL 2025-01-17 122.5,CALL,AAPL,175.0,122.5,17/01/2025,55.77,54.38,57.16,9103,33.7
AAPL250117P00122500,AAPL 2025-01-17 122.5,PUT,AAPL,175.0,122.5,17/01/2025,3.27,3.19,3.35,4118,33.7
AAPL250117C00140000,AAPL 2025-01-17 140.0,CALL,AAPL,175.0,140.0,17/01/2025,38.17,37.22,39.12,5593,32.7
AAPL250117P00140000,AAPL 2025-01-17 140.0,PUT,AAPL,175.0,140.0,17/01/2025,3.17,3.09,3.25,6664,32.7
AAPL250117C00157500,AAPL 2025-01-17 157.5,CALL,AAPL,175.0,157.5,17/01/2025,20.57,20.06,21.08,6625,31.7
AAPL250117P00157500,AAPL 2025-01-17 157.5,PUT,AAPL,175.0,157.5,17/01/2025,3.07,2.99,3.15,6304,31.7
AAPL250117C00175000,AAPL 2025-01-17 175.0,CALL,AAPL,175.0,175.0,17/01/2025,2.98,2.91,3.05,13086,30.7
AAPL250117P00175000,AAPL 2025-01-17 175.0,PUT,AAPL,175.0,175.0,17/01/2025,2.98,2.91,3.05,7257,30.7
AAPL250117C00192500,AAPL 2025-01-17 192.5,CALL,AAPL,175.0,192.5,17/01/2025,4.0,2.81,2.95,10938,29.7
AAPL250117P00192500,AAPL 2025-01-17 192.5,PUT,AAPL,175.0,192.5,17/01/2025,325.0,19.87,20.89,6500,29.7
AAPL250117C00210000,AAPL 2025-01-17 210.0,CALL,AAPL,175.0,210.0,17/01/2025,2.78,2.71,2.85,7798,28.7
AAPL250117P00210000,AAPL 2025-01-17 210.0,PUT,AAPL,175.0,210.0,17/01/2025,37.78,36.84,38.72,11612,28.7
AAPL250117C00227500,AAPL 2025-01-17 227.5,CALL,AAPL,175.0,227.5,17/01/2025,2.69,2.62,2.76,8235,27.7
AAPL250117P00227500,AAPL 2025-01-17 227.5,PUT,AAPL,175.0,227.5,17/01/2025,55.19,53.81,56.57,13054,27.7
AAPL250117C00245000,AAPL 2025-01-17 245.0,CALL,AAPL,175.0,245.0,17/01/2025,2.59,2.53,2.65,4690,26.7
AAPL250117P00245000,AAPL 2025-01-17 245.0,PUT,AAPL,175.0,245.0,17/01/2025,72.59,70.78,74.4,10696,26.7
AAPL250117C00262500,AAPL 2025-01-17 262.5,CALL,AAPL,175.0,262.5,17/01/2025,2.49,2.43,2.55,8744,25.7
AAPL250117P00262500,AAPL 2025-01-17 262.5,PUT,AAPL,175.0,262.5,17/01/2025,89.99,87.74,92.24,4657,25.7
NVDA240315C00240000,NVDA 2024-03-15 240.0,CALL,NVDA,480.0,240.0,15/03/2024,0.01,0.01,0.01,10124,10.0
NVDA240315P00240000,NVDA 2024-03-15 240.0,PUT,NVDA,480.0,240.0,15/03/2024,0.01,0.01,0.01,4088,10.0
NVDA240315C00288000,NVDA 2024-03-15 288.0,CALL,NVDA,480.0,288.0,15/03/2024,0.01,0.01,0.01,7332,10.0
NVDA240315P00288000,NVDA 2024-03-15 288.0,PUT,NVDA,480.0,288.0,15/03/2024,0.01,0.01,0.01,7470,10.0
NVDA240315C00336000,NVDA 2024-03-15 336.0,CALL,NVDA,480.0,336.0,15/03/2024,0.01,0.01,0.01,7438,10.0
NVDA240315P00336000,NVDA 2024-03-15 336.0,PUT,NVDA,480.0,336.0,15/03/2024,0.01,0.01,0.01,8647,10.0
NVDA240315C00384000,NVDA 2024-03-15 384.0,CALL,NVDA,480.0,384.0,15/03/2024,0.01,0.01,0.01,10379,10.0
NVDA240315P00384000,NVDA 2024-03-15 384.0,PUT,NVDA,480.0,384.0,15/03/2024,0.01,0.01,0.01,9663,10.0
NVDA240315C00432000,NVDA 2024-03-15 432.0,CALL,NVDA,480.0,432.0,15/03/2024,0.01,0.01,0.01,9921,10.0
NVDA240315P00432000,NVDA 2024-03-15 432.0,PUT,NVDA,480.0,432.0,15/03/2024,0.01,0.01,0.01,8468,10.0
NVDA240315C00480000,NVDA 2024-03-15 480.0,CALL,NVDA,480.0,480.0,15/03/2024,0.01,0.01,0.01,11439,10.0
NVDA240315P00480000,NVDA 2024-03-15 480.0,PUT,NVDA,480.0,480.0,15/03/2024,0.01,0.01,0.01,5046,10.0
NVDA240315C00528000,NVDA 2024-03-15 528.0,CALL,NVDA,480.0,528.0,15/03/2024,0.01,0.01,0.01,9498,10.0
NVDA240315P00528000,NVDA 2024-03-15 528.0,PUT,NVDA,480.0,528.0,15/03/2024,0.01,0.01,0.01,9597,10.0
NVDA240315C00576000,NVDA 2024-03-15 576.0,CALL,NVDA,480.0,576.0,15/03/2024,0.01,0.01,0.01,9355,10.0
NVDA240315P00576000,NVDA 2024-03-15 576.0,PUT,NVDA,480.0,576.0,15/03/2024,0.01,0.01,0.01,8514,10.0
NVDA240315C00624000,NVDA 2024-03-15 624.0,CALL,NVDA,480.0,624.0,15/03/2024,0.01,0.01,0.01,8294,10.0
NVDA240315P00624000,NVDA 2024-03-15 624.0,PUT,NVDA,480.0,624.0,15/03/2024,0.01,0.01,0.01,9759,10.0
NVDA240315C00672000,NVDA 2024-03-15 672.0,CALL,NVDA,480.0,672.0,15/03/2024,0.01,0.01,0.01,7253,10.0
NVDA240315P00672000,NVDA 2024-03-15 672.0,PUT,NVDA,480.0,672.0,15/03/2024,0.01,0.01,0.01,6149,10.0
NVDA240315C00720000,NVDA 2024-03-15 720.0,CALL,NVDA,480.0,720.0,15/03/2024,0.01,0.01,0.01,5630,10.0
NVDA240315P00720000,NVDA 2024-03-15 720.0,PUT,NVDA,480.0,720.0,15/03/2024,0.01,0.01,0.01,7546,10.0
NVDA240621C00240000,NVDA 2024-06-21 240.0,CALL,NVDA,480.0,240.0,21/06/2024,0.01,0.01,0.01,7446,10.0
NVDA240621P00240000,NVDA 2024-06-21 240.0,PUT,NVDA,480.0,240.0,21/06/2024,0.01,0.01,0.01,6756,10.0
NVDA240621C00288000,NVDA 2024-06-21 288.0,CALL,NVDA,480.0,288.0,21/06/2024,0.01,0.01,0.01,10112,10.0
NVDA240621P00288000,NVDA 2024-06-21 288.0,PUT,NVDA,480.0,288.0,21/06/2024,0.01,0.01,0.01,9157,10.0
NVDA240621C00336000,NVDA 2024-06-21 336.0,CALL,NVDA,480.0,336.0,21/06/2024,0.01,0.01,0.01,7223,10.0
NVDA240621P00336000,NVDA 2024-06-21 336.0,PUT,NVDA,480.0,336.0,21/06/2024,0.01,0.01,0.01,10493,10.0
NVDA240621C00384000,NVDA 2024-06-21 384.0,CALL,NVDA,480.0,384.0,21/06/2024,0.01,0.01,0.01,3179,10.0
NVDA240621P00384000,NVDA 2024-06-21 384.0,PUT,NVDA,480.0,384.0,21/06/2024,0.01,0.01,0.01,11380,10.0
NVDA240621C00432000,NVDA 2024-06-21 432.0,CALL,NVDA,480.0,432.0,21/06/2024,0.01,0.01,0.01,14460,10.0
NVDA240621P00432000,NVDA 2024-06-21 432.0,PUT,NVDA,480.0,432.0,21/06/2024,0.01,0.01,0.01,10038,10.0
NVDA240621C00480000,NVDA 2024-06-21 480.0,CALL,NVDA,480.0,480.0,21/06/2024,0.01,0.01,0.01,8667,10.0
NVDA240621P00480000,NVDA 2024-06-21 480.0,PUT,NVDA,480.0,480.0,21/06/2024,0.01,0.01,0.01,13391,10.0
NVDA240621C00528000,NVDA 2024-06-21 528.0,CALL,NVDA,480.0,528.0,21/06/2024,0.01,0.01,0.01,11650,10.0
NVDA240621P00528000,NVDA 2024-06-21 528.0,PUT,NVDA,480.0,528.0,21/06/2024,0.01,0.01,0.01,6971,10.0
NVDA240621C00576000,NVDA 2024-06-21 576.0,CALL,NVDA,480.0,576.0,21/06/2024,0.01,0.01,0.01,9287,10.0
NVDA240621P00576000,NVDA 2024-06-21 576.0,PUT,NVDA,480.0,576.0,21/06/2024,0.01,0.01,0.01,9287,10.0
NVDA240621C00624000,NVDA 2024-06-21 624.0,CALL,NVDA,480.0,624.0,21/06/2024,0.01,0.01,0.01,8493,10.0
NVDA240621P00624000,NVDA 2024-06-21 624.0,PUT,NVDA,480.0,624.0,21/06/2024,0.01,0.01,0.01,8431,10.0
NVDA240621C00672000,NVDA 2024-06-21 672.0,CALL,NVDA,480.0,672.0,21/06/2024,0.01,0.01,0.01,8033,10.0
NVDA240621P00672000,NVDA 2024-06-21 672.0,PUT,NVDA,480.0,672.0,21/06/2024,0.01,0.01,0.01,6264,10.0
NVDA240621C00720000,NVDA 2024-06-21 720.0,CALL,NVDA,480.0,720.0,21/06/2024,0.01,0.01,0.01,5804,10.0
NVDA240621P00720000,NVDA 2024-06-21 720.0,PUT,NVDA,480.0,720.0,21/06/2024,0.01,0.01,0.01,10758,10.0
NVDA240920C00240000,NVDA 2024-09-20 240.0,CALL,NVDA,480.0,240.0,20/09/2024,0.01,0.01,0.01,6191,10.0
NVDA240920P00240000,NVDA 2024-09-20 240.0,PUT,NVDA,480.0,240.0,20/09/2024,0.01,0.01,0.01,9170,10.0
NVDA240920C00288000,NVDA 2024-09-20 288.0,CALL,NVDA,480.0,288.0,20/09/2024,0.01,0.01,0.01,7138,10.0
NVDA240920P00288000,NVDA 2024-09-20 288.0,PUT,NVDA,480.0,288.0,20/09/2024,0.01,0.01,0.01,8133,10.0
NVDA240920C00336000,NVDA 2024-09-20 336.0,CALL,NVDA,480.0,336.0,20/09/2024,0.01,0.01,0.01,4508,10.0
NVDA240920P00336000,NVDA 2024-09-20 336.0,PUT,NVDA,480.0,336.0,20/09/2024,0.01,0.01,0.01,12749,10.0
NVDA240920C00384000,NVDA 2024-09-20 384.0,CALL,NVDA,480.0,384.0,20/09/2024,0.01,0.01,0.01,7142,10.0
NVDA240920P00384000,NVDA 2024-09-20 384.0,PUT,NVDA,480.0,384.0,20/09/2024,0.01,0.01,0.01,10104,10.0
NVDA240920C00432000,NVDA 2024-09-20 432.0,CALL,NVDA,480.0,432.0,20/09/2024,0.01,0.01,0.01,7989,10.0
NVDA240920P00432000,NVDA 2024-09-20 432.0,PUT,NVDA,480.0,432.0,20/09/2024,0.01,0.01,0.01,9522,10.0
NVDA240920C00480000,NVDA 2024-09-20 480.0,CALL,NVDA,480.0,480.0,20/09/2024,0.01,0.01,0.01,9284,10.0
NVDA240920P00480000,NVDA 2024-09-20 480.0,PUT,NVDA,480.0,480.0,20/09/2024,0.01,0.01,0.01,12758,10.0
NVDA240920C00528000,NVDA 2024-09-20 528.0,CALL,NVDA,480.0,528.0,20/09/2024,0.01,0.01,0.01,6862,10.0
NVDA240920P00528000,NVDA 2024-09-20 528.0,PUT,NVDA,480.0,528.0,20/09/2024,0.01,0.01,0.01,12343,10.0
NVDA240920C00576000,NVDA 2024-09-20 576.0,CALL,NVDA,480.0,576.0,20/09/2024,0.01,0.01,0.01,9536,10.0
NVDA240920P00576000,NVDA 2024-09-20 576.0,PUT,NVDA,480.0,576.0,20/09/2024,0.01,0.01,0.01,8717,10.0
NVDA240920C00624000,NVDA 2024-09-20 624.0,CALL,NVDA,480.0,624.0,20/09/2024,0.01,0.01,0.01,6671,10.0
NVDA240920P00624000,NVDA 2024-09-20 624.0,PUT,NVDA,480.0,624.0,20/09/2024,0.01,0.01,0.01,4379,10.0
NVDA240920C00672000,NVDA 2024-09-20 672.0,CALL,NVDA,480.0,672.0,20/09/2024,0.01,0.01,0.01,7381,10.0
NVDA240920P00672000,NVDA 2024-09-20 672.0,PUT,NVDA,480.0,672.0,20/09/2024,0.01,0.01,0.01,9581,10.0
NVDA240920C00720000,NVDA 2024-09-20 720.0,CALL,NVDA,480.0,720.0,20/09/2024,0.01,0.01,0.01,6913,10.0
NVDA240920P00720000,NVDA 2024-09-20 720.0,PUT,NVDA,480.0,720.0,20/09/2024,0.01,0.01,0.01,8462,10.0
NVDA241220C00240000,NVDA 2024-12-20 240.0,CALL,NVDA,480.0,240.0,20/12/2024,0.01,0.01,0.01,5845,10.0
NVDA241220P00240000,NVDA 2024-12-20 240.0,PUT,NVDA,480.0,240.0,20/12/2024,0.01,0.01,0.01,5969,10.0
NVDA241220C00288000,NVDA 2024-12-20 288.0,CALL,NVDA,480.0,288.0,20/12/2024,0.01,0.01,0.01,5719,10.0
NVDA241220P00288000,NVDA 2024-12-20 288.0,PUT,NVDA,480.0,288.0,20/12/2024,0.01,0.01,0.01,5940,10.0
NVDA241220C00336000,NVDA 2024-12-20 336.0,CALL,NVDA,480.0,336.0,20/12/2024,0.01,0.01,0.01,8077,10.0
NVDA241220P00336000,NVDA 2024-12-20 336.0,PUT,NVDA,480.0,336.0,20/12/2024,0.01,0.01,0.01,8112,10.0
NVDA241220C00384000,NVDA 2024-12-20 384.0,CALL,NVDA,480.0,384.0,20/12/2024,0.01,0.01,0.01,8059,10.0
NVDA241220P00384000,NVDA 2024-12-20 384.0,PUT,NVDA,480.0,384.0,20/12/2024,0.01,0.01,0.01,9052,10.0
NVDA241220C00432000,NVDA 2024-12-20 432.0,CALL,NVDA,480.0,432.0,20/12/2024,0.01,0.01,0.01,8345,10.0
NVDA241220P00432000,NVDA 2024-12-20 432.0,PUT,NVDA,480.0,432.0,20/12/2024,0.01,0.01,0.01,8326,10.0
NVDA241220C00480000,NVDA 2024-12-20 480.0,CALL,NVDA,480.0,480.0,20/12/2024,0.01,0.01,0.01,17039,10.0
NVDA241220P00480000,NVDA 2024-12-20 480.0,PUT,NVDA,480.0,480.0,20/12/2024,0.01,0.01,0.01,9034,10.0
NVDA241220C00528000,NVDA 2024-12-20 528.0,CALL,NVDA,480.0,528.0,20/12/2024,0.01,0.01,0.01,11898,10.0
NVDA241220P00528000,NVDA 2024-12-20 528.0,PUT,NVDA,480.0,528.0,20/12/2024,0.01,0.01,0.01,6787,10.0
NVDA241220C00576000,NVDA 2024-12-20 576.0,CALL,NVDA,480.0,576.0,20/12/2024,0.01,0.01,0.01,3987,10.0
NVDA241220P00576000,NVDA 2024-12-20 576.0,PUT,NVDA,480.0,576.0,20/12/2024,0.01,0.01,0.01,2104,10.0
NVDA241220C00624000,NVDA 2024-12-20 624.0,CALL,NVDA,480.0,624.0,20/12/2024,0.01,0.01,0.01,4125,10.0
NVDA241220P00624000,NVDA 2024-12-20 624.0,PUT,NVDA,480.0,624.0,20/12/2024,0.01,0.01,0.01,9542,10.0
NVDA241220C00672000,NVDA 2024-12-20 672.0,CALL,NVDA,480.0,672.0,20/12/2024,0.01,0.01,0.01,4997,10.0
NVDA241220P00672000,NVDA 2024-12-20 672.0,PUT,NVDA,480.0,672.0,20/12/2024,0.01,0.01,0.01,9449,10.0
NVDA241220C00720000,NVDA 2024-12-20 720.0,CALL,NVDA,480.0,720.0,20/12/2024,0.01,0.01,0.01,8124,10.0
NVDA241220P00720000,NVDA 2024-12-20 720.0,PUT,NVDA,480.0,720.0,20/12/2024,0.01,0.01,0.01,6983,10.0
NVDA250117C00240000,NVDA 2025-01-17 240.0,CALL,NVDA,480.0,240.0,17/01/2025,249.49,243.25,255.73,8458,35.7
NVDA250117P00240000,NVDA 2025-01-17 240.0,PUT,NVDA,480.0,240.0,17/01/2025,9.49,9.25,9.73,5182,35.7
NVDA250117C00288000,NVDA 2025-01-17 288.0,CALL,NVDA,480.0,288.0,17/01/2025,201.23,196.2,206.26,9389,34.7
NVDA250117P00288000,NVDA 2025-01-17 288.0,PUT,NVDA,480.0,288.0,17/01/2025,9.23,9.0,9.46,5581,34.7
NVDA250117C00336000,NVDA 2025-01-17 336.0,CALL,NVDA,480.0,336.0,17/01/2025,152.96,149.14,156.78,1726,33.7
NVDA250117P00336000,NVDA 2025-01-17 336.0,PUT,NVDA,480.0,336.0,17/01/2025,8.96,8.74,9.18,10168,33.7
NVDA250117C00384000,NVDA 2025-01-17 384.0,CALL,NVDA,480.0,384.0,17/01/2025,104.69,102.07,107.31,10320,32.7
NVDA250117P00384000,NVDA 2025-01-17 384.0,PUT,NVDA,480.0,384.0,17/01/2025,8.69,8.47,8.91,9836,32.7
NVDA250117C00432000,NVDA 2025-01-17 432.0,CALL,NVDA,480.0,432.0,17/01/2025,56.43,55.02,57.84,7206,31.7
NVDA250117P00432000,NVDA 2025-01-17 432.0,PUT,NVDA,480.0,432.0,17/01/2025,8.43,8.22,8.64,10754,31.7
NVDA250117C00480000,NVDA 2025-01-17 480.0,CALL,NVDA,480.0,480.0,17/01/2025,8.16,7.96,8.36,9560,30.7
NVDA250117P00480000,NVDA 2025-01-17 480.0,PUT,NVDA,480.0,480.0,17/01/2025,8.16,7.96,8.36,8963,30.7
NVDA250117C00528000,NVDA 2025-01-17 528.0,CALL,NVDA,480.0,528.0,17/01/2025,9.9,7.7,8.1,5726,29.7
NVDA250117P00528000,NVDA 2025-01-17 528.0,PUT,NVDA,480.0,528.0,17/01/2025,55.9,54.5,57.3,16073,29.7
NVDA250117C00576000,NVDA 2025-01-17 576.0,CALL,NVDA,480.0,576.0,17/01/2025,7.63,7.44,7.82,9250,28.7
NVDA250117P00576000,NVDA 2025-01-17 576.0,PUT,NVDA,480.0,576.0,17/01/2025,103.63,101.04,106.22,11966,28.7
NVDA250117C00624000,NVDA 2025-01-17 624.0,CALL,NVDA,480.0,624.0,17/01/2025,7.37,7.19,7.55,5980,27.7
NVDA250117P00624000,NVDA 2025-01-17 624.0,PUT,NVDA,480.0,624.0,17/01/2025,151.37,147.59,155.15,7242,27.7
NVDA250117C00672000,NVDA 2025-01-17 672.0,CALL,NVDA,480.0,672.0,17/01/2025,7.1,6.92,7.28,9465,26.7
NVDA250117P00672000,NVDA 2025-01-17 672.0,PUT,NVDA,480.0,672.0,17/01/2025,199.1,194.12,204.08,8427,26.7
NVDA250117C00720000,NVDA 2025-01-17 720.0,CALL,NVDA,480.0,720.0,17/01/2025,6.83,6.66,7.0,5325,25.7
NVDA250117P00720000,NVDA 2025-01-17 720.0,PUT,NVDA,480.0,720.0,17/01/2025,246.83,240.66,253.0,6430,25.7
MSFT240315C00185000,MSFT 2024-03-15 185.0,CALL,MSFT,370.0,185.0,15/03/2024,0.01,0.01,0.01,9462,10.0
MSFT240315P00185000,MSFT 2024-03-15 185.0,PUT,MSFT,370.0,185.0,15/03/2024,0.01,0.01,0.01,3699,10.0
MSFT240315C00222000,MSFT 2024-03-15 222.0,CALL,MSFT,370.0,222.0,15/03/2024,0.01,0.01,0.01,8654,10.0
MSFT240315P00222000,MSFT 2024-03-15 222.0,PUT,MSFT,370.0,222.0,15/03/2024,0.01,0.01,0.01,6448,10.0
MSFT240315C00259000,MSFT 2024-03-15 259.0,CALL,MSFT,370.0,259.0,15/03/2024,0.01,0.01,0.01,9163,10.0
MSFT240315P00259000,MSFT 2024-03-15 259.0,PUT,MSFT,370.0,259.0,15/03/2024,0.01,0.01,0.01,3951,10.0
MSFT240315C00296000,MSFT 2024-03-15 296.0,CALL,MSFT,370.0,296.0,15/03/2024,0.01,0.01,0.01,5680,10.0
MSFT240315P00296000,MSFT 2024-03-15 296.0,PUT,MSFT,370.0,296.0,15/03/2024,0.01,0.01,0.01,5428,10.0
MSFT240315C00333000,MSFT 2024-03-15 333.0,CALL,MSFT,370.0,333.0,15/03/2024,0.01,0.01,0.01,13384,10.0
MSFT240315P00333000,MSFT 2024-03-15 333.0,PUT,MSFT,370.0,333.0,15/03/2024,0.01,0.01,0.01,7090,10.0
MSFT240315C00370000,MSFT 2024-03-15 370.0,CALL,MSFT,370.0,370.0,15/03/2024,0.01,0.01,0.01,7969,10.0
MSFT240315P00370000,MSFT 2024-03-15 370.0,PUT,MSFT,370.0,370.0,15/03/2024,0.01,0.01,0.01,11892,10.0
MSFT240315C00407000,MSFT 2024-03-15 407.0,CALL,MSFT,370.0,407.0,15/03/2024,0.01,0.01,0.01,11223,10.0
MSFT240315P00407000,MSFT 2024-03-15 407.0,PUT,MSFT,370.0,407.0,15/03/2024,0.01,0.01,0.01,10541,10.0
MSFT240315C00444000,MSFT 2024-03-15 444.0,CALL,MSFT,370.0,444.0,15/03/2024,0.01,0.01,0.01,782,10.0
MSFT240315P00444000,MSFT 2024-03-15 444.0,PUT,MSFT,370.0,444.0,15/03/2024,0.01,0.01,0.01,5558,10.0
MSFT240315C00481000,MSFT 2024-03-15 481.0,CALL,MSFT,370.0,481.0,15/03/2024,0.01,0.01,0.01,7260,10.0
MSFT240315P00481000,MSFT 2024-03-15 481.0,PUT,MSFT,370.0,481.0,15/03/2024,0.01,0.01,0.01,1776,10.0
MSFT240315C00518000,MSFT 2024-03-15 518.0,CALL,MSFT,370.0,518.0,15/03/2024,0.01,0.01,0.01,8434,10.0
MSFT240315P00518000,MSFT 2024-03-15 518.0,PUT,MSFT,370.0,518.0,15/03/2024,0.01,0.01,0.01,4631,10.0
MSFT240315C00555000,MSFT 2024-03-15 555.0,CALL,MSFT,370.0,555.0,15/03/2024,0.01,0.01,0.01,4201,10.0
MSFT240315P00555000,MSFT 2024-03-15 555.0,PUT,MSFT,370.0,555.0,15/03/2024,0.01,0.01,0.01,5421,10.0
MSFT240621C00185000,MSFT 2024-06-21 185.0,CALL,MSFT,370.0,185.0,21/06/2024,0.01,0.01,0.01,6481,10.0
MSFT240621P00185000,MSFT 2024-06-21 185.0,PUT,MSFT,370.0,185.0,21/06/2024,0.01,0.01,0.01,4620,10.0
MSFT240621C00222000,MSFT 2024-06-21 222.0,CALL,MSFT,370.0,222.0,21/06/2024,0.01,0.01,0.01,11098,10.0
MSFT240621P00222000,MSFT 2024-06-21 222.0,PUT,MSFT,370.0,222.0,21/06/2024,0.01,0.01,0.01,8772,10.0
MSFT240621C00259000,MSFT 2024-06-21 259.0,CALL,MSFT,370.0,259.0,21/06/2024,0.01,0.01,0.01,6209,10.0
MSFT240621P00259000,MSFT 2024-06-21 259.0,PUT,MSFT,370.0,259.0,21/06/2024,0.01,0.01,0.01,6980,10.0
MSFT240621C00296000,MSFT 2024-06-21 296.0,CALL,MSFT,370.0,296.0,21/06/2024,0.01,0.01,0.01,12146,10.0
MSFT240621P00296000,MSFT 2024-06-21 296.0,PUT,MSFT,370.0,296.0,21/06/2024,0.01,0.01,0.01,10310,10.0
MSFT240621C00333000,MSFT 2024-06-21 333.0,CALL,MSFT,370.0,333.0,21/06/2024,0.01,0.01,0.01,9698,10.0
MSFT240621P00333000,MSFT 2024-06-21 333.0,PUT,MSFT,370.0,333.0,21/06/2024,0.01,0.01,0.01,11814,10.0
MSFT240621C00370000,MSFT 2024-06-21 370.0,CALL,MSFT,370.0,370.0,21/06/2024,0.01,0.01,0.01,7985,10.0
MSFT240621P00370000,MSFT 2024-06-21 370.0,PUT,MSFT,370.0,370.0,21/06/2024,0.01,0.01,0.01,4787,10.0
MSFT240621C00407000,MSFT 2024-06-21 407.0,CALL,MSFT,370.0,407.0,21/06/2024,0.01,0.01,0.01,11313,10.0
MSFT240621P00407000,MSFT 2024-06-21 407.0,PUT,MSFT,370.0,407.0,21/06/2024,0.01,0.01,0.01,10450,10.0
MSFT240621C00444000,MSFT 2024-06-21 444.0,CALL,MSFT,370.0,444.0,21/06/2024,0.01,0.01,0.01,9188,10.0
MSFT240621P00444000,MSFT 2024-06-21 444.0,PUT,MSFT,370.0,444.0,21/06/2024,0.01,0.01,0.01,6404,10.0
MSFT240621C00481000,MSFT 2024-06-21 481.0,CALL,MSFT,370.0,481.0,21/06/2024,0.01,0.01,0.01,6962,10.0
MSFT240621P00481000,MSFT 2024-06-21 481.0,PUT,MSFT,370.0,481.0,21/06/2024,0.01,0.01,0.01,6540,10.0
MSFT240621C00518000,MSFT 2024-06-21 518.0,CALL,MSFT,370.0,518.0,21/06/2024,0.01,0.01,0.01,7466,10.0
MSFT240621P00518000,MSFT 2024-06-21 518.0,PUT,MSFT,370.0,518.0,21/06/2024,0.01,0.01,0.01,7182,10.0
MSFT240621C00555000,MSFT 2024-06-21 555.0,CALL,MSFT,370.0,555.0,21/06/2024,0.01,0.01,0.01,9656,10.0
MSFT240621P00555000,MSFT 2024-06-21 555.0,PUT,MSFT,370.0,555.0,21/06/2024,0.01,0.01,0.01,5344,10.0
MSFT240920C00185000,MSFT 2024-09-20 185.0,CALL,MSFT,370.0,185.0,20/09/2024,0.01,0.01,0.01,7159,10.0
MSFT240920P00185000,MSFT 2024-09-20 185.0,PUT,MSFT,370.0,185.0,20/09/2024,0.01,0.01,0.01,7109,10.0
MSFT240920C00222000,MSFT 2024-09-20 222.0,CALL,MSFT,370.0,222.0,20/09/2024,0.01,0.01,0.01,11527,10.0
MSFT240920P00222000,MSFT 2024-09-20 222.0,PUT,MSFT,370.0,222.0,20/09/2024,0.01,0.01,0.01,6413,10.0
MSFT240920C00259000,MSFT 2024-09-20 259.0,CALL,MSFT,370.0,259.0,20/09/2024,0.01,0.01,0.01,4996,10.0
MSFT240920P00259000,MSFT 2024-09-20 259.0,PUT,MSFT,370.0,259.0,20/09/2024,0.01,0.01,0.01,8826,10.0
MSFT240920C00296000,MSFT 2024-09-20 296.0,CALL,MSFT,370.0,296.0,20/09/2024,0.01,0.01,0.01,6908,10.0
MSFT240920P00296000,MSFT 2024-09-20 296.0,PUT,MSFT,370.0,296.0,20/09/2024,0.01,0.01,0.01,7455,10.0
MSFT240920C00333000,MSFT 2024-09-20 333.0,CALL,MSFT,370.0,333.0,20/09/2024,0.01,0.01,0.01,6512,10.0
MSFT240920P00333000,MSFT 2024-09-20 333.0,PUT,MSFT,370.0,333.0,20/09/2024,0.01,0.01,0.01,6131,10.0
MSFT240920C00370000,MSFT 2024-09-20 370.0,CALL,MSFT,370.0,370.0,20/09/2024,0.01,0.01,0.01,7938,10.0
MSFT240920P00370000,MSFT 2024-09-20 370.0,PUT,MSFT,370.0,370.0,20/09/2024,0.01,0.01,0.01,10982,10.0
MSFT240920C00407000,MSFT 2024-09-20 407.0,CALL,MSFT,370.0,407.0,20/09/2024,0.01,0.01,0.01,6369,10.0
MSFT240920P00407000,MSFT 2024-09-20 407.0,PUT,MSFT,370.0,407.0,20/09/2024,0.01,0.01,0.01,3672,10.0
MSFT240920C00444000,MSFT 2024-09-20 444.0,CALL,MSFT,370.0,444.0,20/09/2024,0.01,0.01,0.01,7286,10.0
MSFT240920P00444000,MSFT 2024-09-20 444.0,PUT,MSFT,370.0,444.0,20/09/2024,0.01,0.01,0.01,7801,10.0
MSFT240920C00481000,MSFT 2024-09-20 481.0,CALL,MSFT,370.0,481.0,20/09/2024,0.01,0.01,0.01,6619,10.0
MSFT240920P00481000,MSFT 2024-09-20 481.0,PUT,MSFT,370.0,481.0,20/09/2024,0.01,0.01,0.01,5540,10.0
MSFT240920C00518000,MSFT 2024-09-20 518.0,CALL,MSFT,370.0,518.0,20/09/2024,0.01,0.01,0.01,8039,10.0
MSFT240920P00518000,MSFT 2024-09-20 518.0,PUT,MSFT,370.0,518.0,20/09/2024,0.01,0.01,0.01,8940,10.0
MSFT240920C00555000,MSFT 2024-09-20 555.0,CALL,MSFT,370.0,555.0,20/09/2024,0.01,0.01,0.01,8731,10.0
MSFT240920P00555000,MSFT 2024-09-20 555.0,PUT,MSFT,370.0,555.0,20/09/2024,0.01,0.01,0.01,7279,10.0
MSFT241220C00185000,MSFT 2024-12-20 185.0,CALL,MSFT,370.0,185.0,20/12/2024,0.01,0.01,0.01,4442,10.0
MSFT241220P00185000,MSFT 2024-12-20 185.0,PUT,MSFT,370.0,185.0,20/12/2024,0.01,0.01,0.01,5090,10.0
MSFT241220C00222000,MSFT 2024-12-20 222.0,CALL,MSFT,370.0,222.0,20/12/2024,0.01,0.01,0.01,3894,10.0
MSFT241220P00222000,MSFT 2024-12-20 222.0,PUT,MSFT,370.0,222.0,20/12/2024,0.01,0.01,0.01,5081,10.0
MSFT241220C00259000,MSFT 2024-12-20 259.0,CALL,MSFT,370.0,259.0,20/12/2024,0.01,0.01,0.01,9192,10.0
MSFT241220P00259000,MSFT 2024-12-20 259.0,PUT,MSFT,370.0,259.0,20/12/2024,0.01,0.01,0.01,7537,10.0
MSFT241220C00296000,MSFT 2024-12-20 296.0,CALL,MSFT,370.0,296.0,20/12/2024,0.01,0.01,0.01,4953,10.0
MSFT241220P00296000,MSFT 2024-12-20 296.0,PUT,MSFT,370.0,296.0,20/12/2024,0.01,0.01,0.01,9643,10.0
MSFT241220C00333000,MSFT 2024-12-20 333.0,CALL,MSFT,370.0,333.0,20/12/2024,0.01,0.01,0.01,4223,10.0
MSFT241220P00333000,MSFT 2024-12-20 333.0,PUT,MSFT,370.0,333.0,20/12/2024,0.01,0.01,0.01,10412,10.0
MSFT241220C00370000,MSFT 2024-12-20 370.0,CALL,MSFT,370.0,370.0,20/12/2024,0.01,0.01,0.01,6786,10.0
MSFT241220P00370000,MSFT 2024-12-20 370.0,PUT,MSFT,370.0,370.0,20/12/2024,0.01,0.01,0.01,5388,10.0
MSFT241220C00407000,MSFT 2024-12-20 407.0,CALL,MSFT,370.0,407.0,20/12/2024,0.01,0.01,0.01,6474,10.0
MSFT241220P00407000,MSFT 2024-12-20 407.0,PUT,MSFT,370.0,407.0,20/12/2024,0.01,0.01,0.01,8550,10.0
MSFT241220C00444000,MSFT 2024-12-20 444.0,CALL,MSFT,370.0,444.0,20/12/2024,0.01,0.01,0.01,8870,10.0
MSFT241220P00444000,MSFT 2024-12-20 444.0,PUT,MSFT,370.0,444.0,20/12/2024,0.01,0.01,0.01,6446,10.0
MSFT241220C00481000,MSFT 2024-12-20 481.0,CALL,MSFT,370.0,481.0,20/12/2024,0.01,0.01,0.01,6967,10.0
MSFT241220P00481000,MSFT 2024-12-20 481.0,PUT,MSFT,370.0,481.0,20/12/2024,0.01,0.01,0.01,7893,10.0
MSFT241220C00518000,MSFT 2024-12-20 518.0,CALL,MSFT,370.0,518.0,20/12/2024,0.01,0.01,0.01,5254,10.0
MSFT241220P00518000,MSFT 2024-12-20 518.0,PUT,MSFT,370.0,518.0,20/12/2024,0.01,0.01,0.01,7304,10.0
MSFT241220C00555000,MSFT 2024-12-20 555.0,CALL,MSFT,370.0,555.0,20/12/2024,0.01,0.01,0.01,7920,10.0
MSFT241220P00555000,MSFT 2024-12-20 555.0,PUT,MSFT,370.0,555.0,20/12/2024,0.01,0.01,0.01,2674,10.0
MSFT250117C00185000,MSFT 2025-01-17 185.0,CALL,MSFT,370.0,185.0,17/01/2025,192.32,187.51,197.13,8324,35.7
MSFT250117P00185000,MSFT 2025-01-17 185.0,PUT,MSFT,370.0,185.0,17/01/2025,7.32,7.14,7.5,4404,35.7
MSFT250117C00222000,MSFT 2025-01-17 222.0,CALL,MSFT,370.0,222.0,17/01/2025,155.11,151.23,158.99,10903,34.7
MSFT250117P00222000,MSFT 2025-01-17 222.0,PUT,MSFT,370.0,222.0,17/01/2025,7.11,6.93,7.29,7268,34.7
MSFT250117C00259000,MSFT 2025-01-17 259.0,CALL,MSFT,370.0,259.0,17/01/2025,117.91,114.96,120.86,6214,33.7
MSFT250117P00259000,MSFT 2025-01-17 259.0,PUT,MSFT,370.0,259.0,17/01/2025,6.91,6.74,7.08,4906,33.7
MSFT250117C00296000,MSFT 2025-01-17 296.0,CALL,MSFT,370.0,296.0,17/01/2025,80.7,78.68,82.72,14049,32.7
MSFT250117P00296000,MSFT 2025-01-17 296.0,PUT,MSFT,370.0,296.0,17/01/2025,6.7,6.53,6.87,11551,32.7
MSFT250117C00333000,MSFT 2025-01-17 333.0,CALL,MSFT,370.0,333.0,17/01/2025,43.5,42.41,44.59,9589,31.7
MSFT250117P00333000,MSFT 2025-01-17 333.0,PUT,MSFT,370.0,333.0,17/01/2025,6.5,6.34,6.66,7115,31.7
MSFT250117C00370000,MSFT 2025-01-17 370.0,CALL,MSFT,370.0,370.0,17/01/2025,6.29,6.13,6.45,13344,30.7
MSFT250117P00370000,MSFT 2025-01-17 370.0,PUT,MSFT,370.0,370.0,17/01/2025,7.5,6.13,6.45,10402,30.7
MSFT250117C00407000,MSFT 2025-01-17 407.0,CALL,MSFT,370.0,407.0,17/01/2025,6.09,5.94,6.24,10927,29.7
MSFT250117P00407000,MSFT 2025-01-17 407.0,PUT,MSFT,370.0,407.0,17/01/2025,43.09,42.01,44.17,8045,29.7
MSFT250117C00444000,MSFT 2025-01-17 444.0,CALL,MSFT,370.0,444.0,17/01/2025,7.5,5.73,6.03,9977,28.7
MSFT250117P00444000,MSFT 2025-01-17 444.0,PUT,MSFT,370.0,444.0,17/01/2025,79.88,77.88,81.88,5713,28.7
MSFT250117C00481000,MSFT 2025-01-17 481.0,CALL,MSFT,370.0,481.0,17/01/2025,5.68,5.54,5.82,10875,27.7
MSFT250117P00481000,MSFT 2025-01-17 481.0,PUT,MSFT,370.0,481.0,17/01/2025,116.68,113.76,119.6,9525,27.7
MSFT250117C00518000,MSFT 2025-01-17 518.0,CALL,MSFT,370.0,518.0,17/01/2025,5.47,5.33,5.61,7521,26.7
MSFT250117P00518000,MSFT 2025-01-17 518.0,PUT,MSFT,370.0,518.0,17/01/2025,153.47,149.63,157.31,8005,26.7
MSFT250117C00555000,MSFT 2025-01-17 555.0,CALL,MSFT,370.0,555.0,17/01/2025,5.27,5.14,5.4,5067,25.7
MSFT250117P00555000,MSFT 2025-01-17 555.0,PUT,MSFT,370.0,555.0,17/01/2025,190.27,185.51,195.03,2931,25.7
GOOGL240315C00070000,GOOGL 2024-03-15 70.0,CALL,GOOGL,140.0,70.0,15/03/2024,0.01,0.01,0.01,7089,10.0
GOOGL240315P00070000,GOOGL 2024-03-15 70.0,PUT,GOOGL,140.0,70.0,15/03/2024,0.01,0.01,0.01,6314,10.0
GOOGL240315C00084000,GOOGL 2024-03-15 84.0,CALL,GOOGL,140.0,84.0,15/03/2024,0.01,0.01,0.01,3826,10.0
GOOGL240315P00084000,GOOGL 2024-03-15 84.0,PUT,GOOGL,140.0,84.0,15/03/2024,0.01,0.01,0.01,4325,10.0
GOOGL240315C00098000,GOOGL 2024-03-15 98.0,CALL,GOOGL,140.0,98.0,15/03/2024,0.01,0.01,0.01,9713,10.0
GOOGL240315P00098000,GOOGL 2024-03-15 98.0,PUT,GOOGL,140.0,98.0,15/03/2024,0.01,0.01,0.01,8854,10.0
GOOGL240315C00112000,GOOGL 2024-03-15 112.0,CALL,GOOGL,140.0,112.0,15/03/2024,0.01,0.01,0.01,7489,10.0
GOOGL240315P00112000,GOOGL 2024-03-15 112.0,PUT,GOOGL,140.0,112.0,15/03/2024,0.01,0.01,0.01,5429,10.0
GOOGL240315C00126000,GOOGL 2024-03-15 126.0,CALL,GOOGL,140.0,126.0,15/03/2024,0.01,0.01,0.01,10879,10.0
GOOGL240315P00126000,GOOGL 2024-03-15 126.0,PUT,GOOGL,140.0,126.0,15/03/2024,0.01,0.01,0.01,9234,10.0
GOOGL240315C00140000,GOOGL 2024-03-15 140.0,CALL,GOOGL,140.0,140.0,15/03/2024,0.01,0.01,0.01,5796,10.0
GOOGL240315P00140000,GOOGL 2024-03-15 140.0,PUT,GOOGL,140.0,140.0,15/03/2024,0.01,0.01,0.01,8320,10.0
GOOGL240315C00154000,GOOGL 2024-03-15 154.0,CALL,GOOGL,140.0,154.0,15/03/2024,0.01,0.01,0.01,11800,10.0
GOOGL240315P00154000,GOOGL 2024-03-15 154.0,PUT,GOOGL,140.0,154.0,15/03/2024,0.01,0.01,0.01,13635,10.0
GOOGL240315C00168000,GOOGL 2024-03-15 168.0,CALL,GOOGL,140.0,168.0,15/03/2024,0.01,0.01,0.01,7830,10.0
GOOGL240315P00168000,GOOGL 2024-03-15 168.0,PUT,GOOGL,140.0,168.0,15/03/2024,0.01,0.01,0.01,11043,10.0
GOOGL240315C00182000,GOOGL 2024-03-15 182.0,CALL,GOOGL,140.0,182.0,15/03/2024,0.01,0.01,0.01,10084,10.0
GOOGL240315P00182000,GOOGL 2024-03-15 182.0,PUT,GOOGL,140.0,182.0,15/03/2024,0.01,0.01,0.01,6806,10.0
GOOGL240315C00196000,GOOGL 2024-03-15 196.0,CALL,GOOGL,140.0,196.0,15/03/2024,0.01,0.01,0.01,6008,10.0
GOOGL240315P00196000,GOOGL 2024-03-15 196.0,PUT,GOOGL,140.0,196.0,15/03/2024,0.01,0.01,0.01,6269,10.0
GOOGL240315C00210000,GOOGL 2024-03-15 210.0,CALL,GOOGL,140.0,210.0,15/03/2024,0.01,0.01,0.01,11868,10.0
GOOGL240315P00210000,GOOGL 2024-03-15 210.0,PUT,GOOGL,140.0,210.0,15/03/2024,0.01,0.01,0.01,8451,10.0
GOOGL240621C00070000,GOOGL 2024-06-21 70.0,CALL,GOOGL,140.0,70.0,21/06/2024,0.01,0.01,0.01,10008,10.0
GOOGL240621P00070000,GOOGL 2024-06-21 70.0,PUT,GOOGL,140.0,70.0,21/06/2024,0.01,0.01,0.01,12829,10.0
GOOGL240621C00084000,GOOGL 2024-06-21 84.0,CALL,GOOGL,140.0,84.0,21/06/2024,0.01,0.01,0.01,4475,10.0
GOOGL240621P00084000,GOOGL 2024-06-21 84.0,PUT,GOOGL,140.0,84.0,21/06/2024,0.01,0.01,0.01,6408,10.0
GOOGL240621C00098000,GOOGL 2024-06-21 98.0,CALL,GOOGL,140.0,98.0,21/06/2024,0.01,0.01,0.01,5124,10.0
GOOGL240621P00098000,GOOGL 2024-06-21 98.0,PUT,GOOGL,140.0,98.0,21/06/2024,0.01,0.01,0.01,8337,10.0
GOOGL240621C00112000,GOOGL 2024-06-21 112.0,CALL,GOOGL,140.0,112.0,21/06/2024,0.01,0.01,0.01,6218,10.0
GOOGL240621P00112000,GOOGL 2024-06-21 112.0,PUT,GOOGL,140.0,112.0,21/06/2024,0.01,0.01,0.01,5795,10.0
GOOGL240621C00126000,GOOGL 2024-06-21 126.0,CALL,GOOGL,140.0,126.0,21/06/2024,0.01,0.01,0.01,9870,10.0
GOOGL240621P00126000,GOOGL 2024-06-21 126.0,PUT,GOOGL,140.0,126.0,21/06/2024,0.01,0.01,0.01,11995,10.0
GOOGL240621C00140000,GOOGL 2024-06-21 140.0,CALL,GOOGL,140.0,140.0,21/06/2024,0.01,0.01,0.01,9990,10.0
GOOGL240621P00140000,GOOGL 2024-06-21 140.0,PUT,GOOGL,140.0,140.0,21/06/2024,0.01,0.01,0.01,8852,10.0
GOOGL240621C00154000,GOOGL 2024-06-21 154.0,CALL,GOOGL,140.0,154.0,21/06/2024,0.01,0.01,0.01,9961,10.0
GOOGL240621P00154000,GOOGL 2024-06-21 154.0,PUT,GOOGL,140.0,154.0,21/06/2024,0.01,0.01,0.01,11556,10.0
GOOGL240621C00168000,GOOGL 2024-06-21 168.0,CALL,GOOGL,140.0,168.0,21/06/2024,0.01,0.01,0.01,8276,10.0
GOOGL240621P00168000,GOOGL 2024-06-21 168.0,PUT,GOOGL,140.0,168.0,21/06/2024,0.01,0.01,0.01,4645,10.0
GOOGL240621C00182000,GOOGL 2024-06-21 182.0,CALL,GOOGL,140.0,182.0,21/06/2024,0.01,0.01,0.01,6351,10.0
GOOGL240621P00182000,GOOGL 2024-06-21 182.0,PUT,GOOGL,140.0,182.0,21/06/2024,0.01,0.01,0.01,5622,10.0
GOOGL240621C00196000,GOOGL 2024-06-21 196.0,CALL,GOOGL,140.0,196.0,21/06/2024,0.01,0.01,0.01,6163,10.0
GOOGL240621P00196000,GOOGL 2024-06-21 196.0,PUT,GOOGL,140.0,196.0,21/06/2024,0.01,0.01,0.01,8834,10.0
GOOGL240621C00210000,GOOGL 2024-06-21 210.0,CALL,GOOGL,140.0,210.0,21/06/2024,0.01,0.01,0.01,7772,10.0
GOOGL240621P00210000,GOOGL 2024-06-21 210.0,PUT,GOOGL,140.0,210.0,21/06/2024,0.01,0.01,0.01,10617,10.0
GOOGL240920C00070000,GOOGL 2024-09-20 70.0,CALL,GOOGL,140.0,70.0,20/09/2024,0.01,0.01,0.01,8427,10.0
GOOGL240920P00070000,GOOGL 2024-09-20 70.0,PUT,GOOGL,140.0,70.0,20/09/2024,0.01,0.01,0.01,5422,10.0
GOOGL240920C00084000,GOOGL 2024-09-20 84.0,CALL,GOOGL,140.0,84.0,20/09/2024,0.01,0.01,0.01,7407,10.0
GOOGL240920P00084000,GOOGL 2024-09-20 84.0,PUT,GOOGL,140.0,84.0,20/09/2024,0.01,0.01,0.01,10690,10.0
GOOGL240920C00098000,GOOGL 2024-09-20 98.0,CALL,GOOGL,140.0,98.0,20/09/2024,0.01,0.01,0.01,5951,10.0
GOOGL240920P00098000,GOOGL 2024-09-20 98.0,PUT,GOOGL,140.0,98.0,20/09/2024,0.01,0.01,0.01,6424,10.0
GOOGL240920C00112000,GOOGL 2024-09-20 112.0,CALL,GOOGL,140.0,112.0,20/09/2024,0.01,0.01,0.01,14701,10.0
GOOGL240920P00112000,GOOGL 2024-09-20 112.0,PUT,GOOGL,140.0,112.0,20/09/2024,0.01,0.01,0.01,8795,10.0
GOOGL240920C00126000,GOOGL 2024-09-20 126.0,CALL,GOOGL,140.0,126.0,20/09/2024,0.01,0.01,0.01,7770,10.0
GOOGL240920P00126000,GOOGL 2024-09-20 126.0,PUT,GOOGL,140.0,126.0,20/09/2024,0.01,0.01,0.01,8618,10.0
GOOGL240920C00140000,GOOGL 2024-09-20 140.0,CALL,GOOGL,140.0,140.0,20/09/2024,0.01,0.01,0.01,13520,10.0
GOOGL240920P00140000,GOOGL 2024-09-20 140.0,PUT,GOOGL,140.0,140.0,20/09/2024,0.01,0.01,0.01,11736,10.0
GOOGL240920C00154000,GOOGL 2024-09-20 154.0,CALL,GOOGL,140.0,154.0,20/09/2024,0.01,0.01,0.01,5548,10.0
GOOGL240920P00154000,GOOGL 2024-09-20 154.0,PUT,GOOGL,140.0,154.0,20/09/2024,0.01,0.01,0.01,11156,10.0
GOOGL240920C00168000,GOOGL 2024-09-20 168.0,CALL,GOOGL,140.0,168.0,20/09/2024,0.01,0.01,0.01,5911,10.0
GOOGL240920P00168000,GOOGL 2024-09-20 168.0,PUT,GOOGL,140.0,168.0,20/09/2024,0.01,0.01,0.01,5905,10.0
GOOGL240920C00182000,GOOGL 2024-09-20 182.0,CALL,GOOGL,140.0,182.0,20/09/2024,0.01,0.01,0.01,8665,10.0
GOOGL240920P00182000,GOOGL 2024-09-20 182.0,PUT,GOOGL,140.0,182.0,20/09/2024,0.01,0.01,0.01,3928,10.0
GOOGL240920C00196000,GOOGL 2024-09-20 196.0,CALL,GOOGL,140.0,196.0,20/09/2024,0.01,0.01,0.01,8102,10.0
GOOGL240920P00196000,GOOGL 2024-09-20 196.0,PUT,GOOGL,140.0,196.0,20/09/2024,0.01,0.01,0.01,9278,10.0
GOOGL240920C00210000,GOOGL 2024-09-20 210.0,CALL,GOOGL,140.0,210.0,20/09/2024,0.01,0.01,0.01,3996,10.0
GOOGL240920P00210000,GOOGL 2024-09-20 210.0,PUT,GOOGL,140.0,210.0,20/09/2024,0.01,0.01,0.01,4818,10.0
GOOGL241220C00070000,GOOGL 2024-12-20 70.0,CALL,GOOGL,140.0,70.0,20/12/2024,0.01,0.01,0.01,6665,10.0
GOOGL241220P00070000,GOOGL 2024-12-20 70.0,PUT,GOOGL,140.0,70.0,20/12/2024,0.01,0.01,0.01,6048,10.0
GOOGL241220C00084000,GOOGL 2024-12-20 84.0,CALL,GOOGL,140.0,84.0,20/12/2024,0.01,0.01,0.01,8837,10.0
GOOGL241220P00084000,GOOGL 2024-12-20 84.0,PUT,GOOGL,140.0,84.0,20/12/2024,0.01,0.01,0.01,4744,10.0
GOOGL241220C00098000,GOOGL 2024-12-20 98.0,CALL,GOOGL,140.0,98.0,20/12/2024,0.01,0.01,0.01,7780,10.0
GOOGL241220P00098000,GOOGL 2024-12-20 98.0,PUT,GOOGL,140.0,98.0,20/12/2024,0.01,0.01,0.01,10230,10.0
GOOGL241220C00112000,GOOGL 2024-12-20 112.0,CALL,GOOGL,140.0,112.0,20/12/2024,0.01,0.01,0.01,8119,10.0
GOOGL241220P00112000,GOOGL 2024-12-20 112.0,PUT,GOOGL,140.0,112.0,20/12/2024,0.01,0.01,0.01,8858,10.0
GOOGL241220C00126000,GOOGL 2024-12-20 126.0,CALL,GOOGL,140.0,126.0,20/12/2024,0.01,0.01,0.01,10203,10.0
GOOGL241220P00126000,GOOGL 2024-12-20 126.0,PUT,GOOGL,140.0,126.0,20/12/2024,0.01,0.01,0.01,8332,10.0
GOOGL241220C00140000,GOOGL 2024-12-20 140.0,CALL,GOOGL,140.0,140.0,20/12/2024,0.01,0.01,0.01,13097,10.0
GOOGL241220P00140000,GOOGL 2024-12-20 140.0,PUT,GOOGL,140.0,140.0,20/12/2024,0.01,0.01,0.01,9720,10.0
GOOGL241220C00154000,GOOGL 2024-12-20 154.0,CALL,GOOGL,140.0,154.0,20/12/2024,0.01,0.01,0.01,8175,10.0
GOOGL241220P00154000,GOOGL 2024-12-20 154.0,PUT,GOOGL,140.0,154.0,20/12/2024,0.01,0.01,0.01,12294,10.0
GOOGL241220C00168000,GOOGL 2024-12-20 168.0,CALL,GOOGL,140.0,168.0,20/12/2024,0.01,0.01,0.01,6738,10.0
GOOGL241220P00168000,GOOGL 2024-12-20 168.0,PUT,GOOGL,140.0,168.0,20/12/2024,0.01,0.01,0.01,9620,10.0
GOOGL241220C00182000,GOOGL 2024-12-20 182.0,CALL,GOOGL,140.0,182.0,20/12/2024,0.01,0.01,0.01,4725,10.0
GOOGL241220P00182000,GOOGL 2024-12-20 182.0,PUT,GOOGL,140.0,182.0,20/12/2024,0.01,0.01,0.01,9446,10.0
GOOGL241220C00196000,GOOGL 2024-12-20 196.0,CALL,GOOGL,140.0,196.0,20/12/2024,0.01,0.01,0.01,5039,10.0
GOOGL241220P00196000,GOOGL 2024-12-20 196.0,PUT,GOOGL,140.0,196.0,20/12/2024,0.01,0.01,0.01,7985,10.0
GOOGL241220C00210000,GOOGL 2024-12-20 210.0,CALL,GOOGL,140.0,210.0,20/12/2024,0.01,0.01,0.01,4626,10.0
GOOGL241220P00210000,GOOGL 2024-12-20 210.0,PUT,GOOGL,140.0,210.0,20/12/2024,0.01,0.01,0.01,5585,10.0
GOOGL250117C00070000,GOOGL 2025-01-17 70.0,CALL,GOOGL,140.0,70.0,17/01/2025,72.77,70.95,74.59,4293,35.7
GOOGL250117P00070000,GOOGL 2025-01-17 70.0,PUT,GOOGL,140.0,70.0,17/01/2025,2.77,2.7,2.84,5656,35.7
GOOGL250117C00084000,GOOGL 2025-01-17 84.0,CALL,GOOGL,140.0,84.0,17/01/2025,58.69,57.22,60.16,9464,34.7
GOOGL250117P00084000,GOOGL 2025-01-17 84.0,PUT,GOOGL,140.0,84.0,17/01/2025,2.69,2.62,2.76,11411,34.7
GOOGL250117C00098000,GOOGL 2025-01-17 98.0,CALL,GOOGL,140.0,98.0,17/01/2025,44.61,43.49,45.73,5187,33.7
GOOGL250117P00098000,GOOGL 2025-01-17 98.0,PUT,GOOGL,140.0,98.0,17/01/2025,2.61,2.54,2.68,3747,33.7
GOOGL250117C00112000,GOOGL 2025-01-17 112.0,CALL,GOOGL,140.0,112.0,17/01/2025,30.54,29.78,31.3,5967,32.7
GOOGL250117P00112000,GOOGL 2025-01-17 112.0,PUT,GOOGL,140.0,112.0,17/01/2025,2.54,2.48,2.6,13157,32.7
GOOGL250117C00126000,GOOGL 2025-01-17 126.0,CALL,GOOGL,140.0,126.0,17/01/2025,16.46,16.05,16.87,9156,31.7
GOOGL250117P00126000,GOOGL 2025-01-17 126.0,PUT,GOOGL,140.0,126.0,17/01/2025,2.46,2.4,2.52,14575,31.7
GOOGL250117C00140000,GOOGL 2025-01-17 140.0,CALL,GOOGL,140.0,140.0,17/01/2025,2.38,2.32,2.44,12349,30.7
GOOGL250117P00140000,GOOGL 2025-01-17 140.0,PUT,GOOGL,140.0,140.0,17/01/2025,2.99,2.32,2.44,12955,30.7
GOOGL250117C00154000,GOOGL 2025-01-17 154.0,CALL,GOOGL,140.0,154.0,17/01/2025,2.8,2.24,2.36,14947,29.7
GOOGL250117P00154000,GOOGL 2025-01-17 154.0,PUT,GOOGL,140.0,154.0,17/01/2025,16.3,15.89,16.71,11458,29.7
GOOGL250117C00168000,GOOGL 2025-01-17 168.0,CALL,GOOGL,140.0,168.0,17/01/2025,2.23,2.17,2.29,9016,28.7
GOOGL250117P00168000,GOOGL 2025-01-17 168.0,PUT,GOOGL,140.0,168.0,17/01/2025,30.23,29.47,30.99,8135,28.7
GOOGL250117C00182000,GOOGL 2025-01-17 182.0,CALL,GOOGL,140.0,182.0,17/01/2025,2.15,2.1,2.2,7604,27.7
GOOGL250117P00182000,GOOGL 2025-01-17 182.0,PUT,GOOGL,140.0,182.0,17/01/2025,44.15,43.05,45.25,5323,27.7
GOOGL250117C00196000,GOOGL 2025-01-17 196.0,CALL,GOOGL,140.0,196.0,17/01/2025,2.07,2.02,2.12,10020,26.7
GOOGL250117P00196000,GOOGL 2025-01-17 196.0,PUT,GOOGL,140.0,196.0,17/01/2025,58.07,56.62,59.52,8601,26.7
GOOGL250117C00210000,GOOGL 2025-01-17 210.0,CALL,GOOGL,140.0,210.0,17/01/2025,1.99,1.94,2.04,7485,25.7
GOOGL250117P00210000,GOOGL 2025-01-17 210.0,PUT,GOOGL,140.0,210.0,17/01/2025,71.99,70.19,73.79,6940,25.7
AMZN240315C00072500,AMZN 2024-03-15 72.5,CALL,AMZN,145.0,72.5,15/03/2024,0.01,0.01,0.01,8044,10.0
AMZN240315P00072500,AMZN 2024-03-15 72.5,PUT,AMZN,145.0,72.5,15/03/2024,0.01,0.01,0.01,4893,10.0
AMZN240315C00087000,AMZN 2024-03-15 87.0,CALL,AMZN,145.0,87.0,15/03/2024,0.01,0.01,0.01,10431,10.0
AMZN240315P00087000,AMZN 2024-03-15 87.0,PUT,AMZN,145.0,87.0,15/03/2024,0.01,0.01,0.01,7345,10.0
AMZN240315C00101500,AMZN 2024-03-15 101.5,CALL,AMZN,145.0,101.5,15/03/2024,0.01,0.01,0.01,5143,10.0
AMZN240315P00101500,AMZN 2024-03-15 101.5,PUT,AMZN,145.0,101.5,15/03/2024,0.01,0.01,0.01,8045,10.0
AMZN240315C00116000,AMZN 2024-03-15 116.0,CALL,AMZN,145.0,116.0,15/03/2024,0.01,0.01,0.01,6187,10.0
AMZN240315P00116000,AMZN 2024-03-15 116.0,PUT,AMZN,145.0,116.0,15/03/2024,0.01,0.01,0.01,7228,10.0
AMZN240315C00130500,AMZN 2024-03-15 130.5,CALL,AMZN,145.0,130.5,15/03/2024,0.01,0.01,0.01,7628,10.0
AMZN240315P00130500,AMZN 2024-03-15 130.5,PUT,AMZN,145.0,130.5,15/03/2024,0.01,0.01,0.01,14186,10.0
AMZN240315C00145000,AMZN 2024-03-15 145.0,CALL,AMZN,145.0,145.0,15/03/2024,0.01,0.01,0.01,10291,10.0
AMZN240315P00145000,AMZN 2024-03-15 145.0,PUT,AMZN,145.0,145.0,15/03/2024,0.01,0.01,0.01,11177,10.0
AMZN240315C00159500,AMZN 2024-03-15 159.5,CALL,AMZN,145.0,159.5,15/03/2024,0.01,0.01,0.01,7107,10.0
AMZN240315P00159500,AMZN 2024-03-15 159.5,PUT,AMZN,145.0,159.5,15/03/2024,0.01,0.01,0.01,12036,10.0
AMZN240315C00174000,AMZN 2024-03-15 174.0,CALL,AMZN,145.0,174.0,15/03/2024,0.01,0.01,0.01,6036,10.0
AMZN240315P00174000,AMZN 2024-03-15 174.0,PUT,AMZN,145.0,174.0,15/03/2024,0.01,0.01,0.01,8912,10.0
AMZN240315C00188500,AMZN 2024-03-15 188.5,CALL,AMZN,145.0,188.5,15/03/2024,0.01,0.01,0.01,11470,10.0
AMZN240315P00188500,AMZN 2024-03-15 188.5,PUT,AMZN,145.0,188.5,15/03/2024,0.01,0.01,0.01,6094,10.0
AMZN240315C00203000,AMZN 2024-03-15 203.0,CALL,AMZN,145.0,203.0,15/03/2024,0.01,0.01,0.01,8733,10.0
AMZN240315P00203000,AMZN 2024-03-15 203.0,PUT,AMZN,145.0,203.0,15/03/2024,0.01,0.01,0.01,5979,10.0
AMZN240315C00217500,AMZN 2024-03-15 217.5,CALL,AMZN,145.0,217.5,15/03/2024,0.01,0.01,0.01,6822,10.0
AMZN240315P00217500,AMZN 2024-03-15 217.5,PUT,AMZN,145.0,217.5,15/03/2024,0.01,0.01,0.01,8069,10.0
AMZN240621C00072500,AMZN 2024-06-21 72.5,CALL,AMZN,145.0,72.5,21/06/2024,0.01,0.01,0.01,6198,10.0
AMZN240621P00072500,AMZN 2024-06-21 72.5,PUT,AMZN,145.0,72.5,21/06/2024,0.01,0.01,0.01,6703,10.0
AMZN240621C00087000,AMZN 2024-06-21 87.0,CALL,AMZN,145.0,87.0,21/06/2024,0.01,0.01,0.01,5750,10.0
AMZN240621P00087000,AMZN 2024-06-21 87.0,PUT,AMZN,145.0,87.0,21/06/2024,0.01,0.01,0.01,8335,10.0
AMZN240621C00101500,AMZN 2024-06-21 101.5,CALL,AMZN,145.0,101.5,21/06/2024,0.01,0.01,0.01,7233,10.0
AMZN240621P00101500,AMZN 2024-06-21 101.5,PUT,AMZN,145.0,101.5,21/06/2024,0.01,0.01,0.01,4215,10.0
AMZN240621C00116000,AMZN 2024-06-21 116.0,CALL,AMZN,145.0,116.0,21/06/2024,0.01,0.01,0.01,7868,10.0
AMZN240621P00116000,AMZN 2024-06-21 116.0,PUT,AMZN,145.0,116.0,21/06/2024,0.01,0.01,0.01,7350,10.0
AMZN240621C00130500,AMZN 2024-06-21 130.5,CALL,AMZN,145.0,130.5,21/06/2024,0.01,0.01,0.01,4884,10.0
AMZN240621P00130500,AMZN 2024-06-21 130.5,PUT,AMZN,145.0,130.5,21/06/2024,0.01,0.01,0.01,7449,10.0
AMZN240621C00145000,AMZN 2024-06-21 145.0,CALL,AMZN,145.0,145.0,21/06/2024,0.01,0.01,0.01,15730,10.0
AMZN240621P00145000,AMZN 2024-06-21 145.0,PUT,AMZN,145.0,145.0,21/06/2024,0.01,0.01,0.01,15079,10.0
AMZN240621C00159500,AMZN 2024-06-21 159.5,CALL,AMZN,145.0,159.5,21/06/2024,0.01,0.01,0.01,12769,10.0
AMZN240621P00159500,AMZN 2024-06-21 159.5,PUT,AMZN,145.0,159.5,21/06/2024,0.01,0.01,0.01,8204,10.0
AMZN240621C00174000,AMZN 2024-06-21 174.0,CALL,AMZN,145.0,174.0,21/06/2024,0.01,0.01,0.01,6925,10.0
AMZN240621P00174000,AMZN 2024-06-21 174.0,PUT,AMZN,145.0,174.0,21/06/2024,0.01,0.01,0.01,6437,10.0
AMZN240621C00188500,AMZN 2024-06-21 188.5,CALL,AMZN,145.0,188.5,21/06/2024,0.01,0.01,0.01,3414,10.0
AMZN240621P00188500,AMZN 2024-06-21 188.5,PUT,AMZN,145.0,188.5,21/06/2024,0.01,0.01,0.01,10559,10.0
AMZN240621C00203000,AMZN 2024-06-21 203.0,CALL,AMZN,145.0,203.0,21/06/2024,0.01,0.01,0.01,8844,10.0
AMZN240621P00203000,AMZN 2024-06-21 203.0,PUT,AMZN,145.0,203.0,21/06/2024,0.01,0.01,0.01,4224,10.0
AMZN240621C00217500,AMZN 2024-06-21 217.5,CALL,AMZN,145.0,217.5,21/06/2024,0.01,0.01,0.01,7760,10.0
AMZN240621P00217500,AMZN 2024-06-21 217.5,PUT,AMZN,145.0,217.5,21/06/2024,0.01,0.01,0.01,6425,10.0
AMZN240920C00072500,AMZN 2024-09-20 72.5,CALL,AMZN,145.0,72.5,20/09/2024,0.01,0.01,0.01,4410,10.0
AMZN240920P00072500,AMZN 2024-09-20 72.5,PUT,AMZN,145.0,72.5,20/09/2024,0.01,0.01,0.01,3766,10.0
AMZN240920C00087000,AMZN 2024-09-20 87.0,CALL,AMZN,145.0,87.0,20/09/2024,0.01,0.01,0.01,6490,10.0
AMZN240920P00087000,AMZN 2024-09-20 87.0,PUT,AMZN,145.0,87.0,20/09/2024,0.01,0.01,0.01,4342,10.0
AMZN240920C00101500,AMZN 2024-09-20 101.5,CALL,AMZN,145.0,101.5,20/09/2024,0.01,0.01,0.01,3026,10.0
AMZN240920P00101500,AMZN 2024-09-20 101.5,PUT,AMZN,145.0,101.5,20/09/2024,0.01,0.01,0.01,4394,10.0
AMZN240920C00116000,AMZN 2024-09-20 116.0,CALL,AMZN,145.0,116.0,20/09/2024,0.01,0.01,0.01,6593,10.0
AMZN240920P00116000,AMZN 2024-09-20 116.0,PUT,AMZN,145.0,116.0,20/09/2024,0.01,0.01,0.01,9633,10.0
AMZN240920C00130500,AMZN 2024-09-20 130.5,CALL,AMZN,145.0,130.5,20/09/2024,0.01,0.01,0.01,8167,10.0
AMZN240920P00130500,AMZN 2024-09-20 130.5,PUT,AMZN,145.0,130.5,20/09/2024,0.01,0.01,0.01,8083,10.0
AMZN240920C00145000,AMZN 2024-09-20 145.0,CALL,AMZN,145.0,145.0,20/09/2024,0.01,0.01,0.01,12733,10.0
AMZN240920P00145000,AMZN 2024-09-20 145.0,PUT,AMZN,145.0,145.0,20/09/2024,0.01,0.01,0.01,8825,10.0
AMZN240920C00159500,AMZN 2024-09-20 159.5,CALL,AMZN,145.0,159.5,20/09/2024,0.01,0.01,0.01,10575,10.0
AMZN240920P00159500,AMZN 2024-09-20 159.5,PUT,AMZN,145.0,159.5,20/09/2024,0.01,0.01,0.01,7217,10.0
AMZN240920C00174000,AMZN 2024-09-20 174.0,CALL,AMZN,145.0,174.0,20/09/2024,0.01,0.01,0.01,8415,10.0
AMZN240920P00174000,AMZN 2024-09-20 174.0,PUT,AMZN,145.0,174.0,20/09/2024,0.01,0.01,0.01,8372,10.0
AMZN240920C00188500,AMZN 2024-09-20 188.5,CALL,AMZN,145.0,188.5,20/09/2024,0.01,0.01,0.01,4272,10.0
AMZN240920P00188500,AMZN 2024-09-20 188.5,PUT,AMZN,145.0,188.5,20/09/2024,0.01,0.01,0.01,12372,10.0
AMZN240920C00203000,AMZN 2024-09-20 203.0,CALL,AMZN,145.0,203.0,20/09/2024,0.01,0.01,0.01,7510,10.0
AMZN240920P00203000,AMZN 2024-09-20 203.0,PUT,AMZN,145.0,203.0,20/09/2024,0.01,0.01,0.01,8998,10.0
AMZN240920C00217500,AMZN 2024-09-20 217.5,CALL,AMZN,145.0,217.5,20/09/2024,0.01,0.01,0.01,5963,10.0
AMZN240920P00217500,AMZN 2024-09-20 217.5,PUT,AMZN,145.0,217.5,20/09/2024,0.01,0.01,0.01,7934,10.0
AMZN241220C00072500,AMZN 2024-12-20 72.5,CALL,AMZN,145.0,72.5,20/12/2024,0.01,0.01,0.01,7166,10.0
AMZN241220P00072500,AMZN 2024-12-20 72.5,PUT,AMZN,145.0,72.5,20/12/2024,0.01,0.01,0.01,6349,10.0
AMZN241220C00087000,AMZN 2024-12-20 87.0,CALL,AMZN,145.0,87.0,20/12/2024,0.01,0.01,0.01,8283,10.0
AMZN241220P00087000,AMZN 2024-12-20 87.0,PUT,AMZN,145.0,87.0,20/12/2024,0.01,0.01,0.01,12745,10.0
AMZN241220C00101500,AMZN 2024-12-20 101.5,CALL,AMZN,145.0,101.5,20/12/2024,0.01,0.01,0.01,9555,10.0
AMZN241220P00101500,AMZN 2024-12-20 101.5,PUT,AMZN,145.0,101.5,20/12/2024,0.01,0.01,0.01,3789,10.0
AMZN241220C00116000,AMZN 2024-12-20 116.0,CALL,AMZN,145.0,116.0,20/12/2024,0.01,0.01,0.01,7728,10.0
AMZN241220P00116000,AMZN 2024-12-20 116.0,PUT,AMZN,145.0,116.0,20/12/2024,0.01,0.01,0.01,8828,10.0
AMZN241220C00130500,AMZN 2024-12-20 130.5,CALL,AMZN,145.0,130.5,20/12/2024,0.01,0.01,0.01,6213,10.0
AMZN241220P00130500,AMZN 2024-12-20 130.5,PUT,AMZN,145.0,130.5,20/12/2024,0.01,0.01,0.01,7704,10.0
AMZN241220C00145000,AMZN 2024-12-20 145.0,CALL,AMZN,145.0,145.0,20/12/2024,0.01,0.01,0.01,15941,10.0
AMZN241220P00145000,AMZN 2024-12-20 145.0,PUT,AMZN,145.0,145.0,20/12/2024,0.01,0.01,0.01,12872,10.0
AMZN241220C00159500,AMZN 2024-12-20 159.5,CALL,AMZN,145.0,159.5,20/12/2024,0.01,0.01,0.01,9330,10.0
AMZN241220P00159500,AMZN 2024-12-20 159.5,PUT,AMZN,145.0,159.5,20/12/2024,0.01,0.01,0.01,7969,10.0
AMZN241220C00174000,AMZN 2024-12-20 174.0,CALL,AMZN,145.0,174.0,20/12/2024,0.01,0.01,0.01,4449,10.0
AMZN241220P00174000,AMZN 2024-12-20 174.0,PUT,AMZN,145.0,174.0,20/12/2024,0.01,0.01,0.01,3557,10.0
AMZN241220C00188500,AMZN 2024-12-20 188.5,CALL,AMZN,145.0,188.5,20/12/2024,0.01,0.01,0.01,9898,10.0
AMZN241220P00188500,AMZN 2024-12-20 188.5,PUT,AMZN,145.0,188.5,20/12/2024,0.01,0.01,0.01,10474,10.0
AMZN241220C00203000,AMZN 2024-12-20 203.0,CALL,AMZN,145.0,203.0,20/12/2024,0.01,0.01,0.01,8111,10.0
AMZN241220P00203000,AMZN 2024-12-20 203.0,PUT,AMZN,145.0,203.0,20/12/2024,0.01,0.01,0.01,8331,10.0
AMZN241220C00217500,AMZN 2024-12-20 217.5,CALL,AMZN,145.0,217.5,20/12/2024,0.01,0.01,0.01,7000,10.0
AMZN241220P00217500,AMZN 2024-12-20 217.5,PUT,AMZN,145.0,217.5,20/12/2024,0.01,0.01,0.01,6665,10.0
AMZN250117C00072500,AMZN 2025-01-17 72.5,CALL,AMZN,145.0,72.5,17/01/2025,75.37,73.49,77.25,5140,35.7
AMZN250117P00072500,AMZN 2025-01-17 72.5,PUT,AMZN,145.0,72.5,17/01/2025,2.87,2.8,2.94,6946,35.7
AMZN250117C00087000,AMZN 2025-01-17 87.0,CALL,AMZN,145.0,87.0,17/01/2025,60.79,59.27,62.31,3459,34.7
AMZN250117P00087000,AMZN 2025-01-17 87.0,PUT,AMZN,145.0,87.0,17/01/2025,2.79,2.72,2.86,9695,34.7
AMZN250117C00101500,AMZN 2025-01-17 101.5,CALL,AMZN,145.0,101.5,17/01/2025,46.21,45.05,47.37,7024,33.7
AMZN250117P00101500,AMZN 2025-01-17 101.5,PUT,AMZN,145.0,101.5,17/01/2025,2.71,2.64,2.78,7814,33.7
AMZN250117C00116000,AMZN 2025-01-17 116.0,CALL,AMZN,145.0,116.0,17/01/2025,31.63,30.84,32.42,8367,32.7
AMZN250117P00116000,AMZN 2025-01-17 116.0,PUT,AMZN,145.0,116.0,17/01/2025,2.63,2.56,2.7,8171,32.7
AMZN250117C00130500,AMZN 2025-01-17 130.5,CALL,AMZN,145.0,130.5,17/01/2025,17.05,16.62,17.48,7024,31.7
AMZN250117P00130500,AMZN 2025-01-17 130.5,PUT,AMZN,145.0,130.5,17/01/2025,2.55,2.49,2.61,10349,31.7
AMZN250117C00145000,AMZN 2025-01-17 145.0,CALL,AMZN,145.0,145.0,17/01/2025,2.47,2.41,2.53,6673,30.7
AMZN250117P00145000,AMZN 2025-01-17 145.0,PUT,AMZN,145.0,145.0,17/01/2025,2.47,2.41,2.53,13291,30.7
AMZN250117C00159500,AMZN 2025-01-17 159.5,CALL,AMZN,145.0,159.5,17/01/2025,2.39,2.33,2.45,10876,29.7
AMZN250117P00159500,AMZN 2025-01-17 159.5,PUT,AMZN,145.0,159.5,17/01/2025,16.89,16.47,17.31,2361,29.7
AMZN250117C00174000,AMZN 2025-01-17 174.0,CALL,AMZN,145.0,174.0,17/01/2025,2.31,2.25,2.37,5265,28.7
AMZN250117P00174000,AMZN 2025-01-17 174.0,PUT,AMZN,145.0,174.0,17/01/2025,31.31,30.53,32.09,5400,28.7
AMZN250117C00188500,AMZN 2025-01-17 188.5,CALL,AMZN,145.0,188.5,17/01/2025,2.22,2.16,2.28,6341,27.7
AMZN250117P00188500,AMZN 2025-01-17 188.5,PUT,AMZN,145.0,188.5,17/01/2025,45.72,44.58,46.86,8928,27.7
AMZN250117C00203000,AMZN 2025-01-17 203.0,CALL,AMZN,145.0,203.0,17/01/2025,2.14,2.09,2.19,9074,26.7
AMZN250117P00203000,AMZN 2025-01-17 203.0,PUT,AMZN,145.0,203.0,17/01/2025,60.14,58.64,61.64,4731,26.7
AMZN250117C00217500,AMZN 2025-01-17 217.5,CALL,AMZN,145.0,217.5,17/01/2025,2.06,2.01,2.11,9264,25.7
AMZN250117P00217500,AMZN 2025-01-17 217.5,PUT,AMZN,145.0,217.5,17/01/2025,74.56,72.7,76.42,7466,25.7
META240315C00165000,META 2024-03-15 165.0,CALL,META,330.0,165.0,15/03/2024,0.01,0.01,0.01,4335,10.0
META240315P00165000,META 2024-03-15 165.0,PUT,META,330.0,165.0,15/03/2024,0.01,0.01,0.01,3765,10.0
META240315C00198000,META 2024-03-15 198.0,CALL,META,330.0,198.0,15/03/2024,0.01,0.01,0.01,9272,10.0
META240315P00198000,META 2024-03-15 198.0,PUT,META,330.0,198.0,15/03/2024,0.01,0.01,0.01,7083,10.0
META240315C00231000,META 2024-03-15 231.0,CALL,META,330.0,231.0,15/03/2024,0.01,0.01,0.01,7232,10.0
META240315P00231000,META 2024-03-15 231.0,PUT,META,330.0,231.0,15/03/2024,0.01,0.01,0.01,5341,10.0
META240315C00264000,META 2024-03-15 264.0,CALL,META,330.0,264.0,15/03/2024,0.01,0.01,0.01,11613,10.0
META240315P00264000,META 2024-03-15 264.0,PUT,META,330.0,264.0,15/03/2024,0.01,0.01,0.01,8599,10.0
META240315C00297000,META 2024-03-15 297.0,CALL,META,330.0,297.0,15/03/2024,0.01,0.01,0.01,3077,10.0
META240315P00297000,META 2024-03-15 297.0,PUT,META,330.0,297.0,15/03/2024,0.01,0.01,0.01,9644,10.0
META240315C00330000,META 2024-03-15 330.0,CALL,META,330.0,330.0,15/03/2024,0.01,0.01,0.01,8003,10.0
META240315P00330000,META 2024-03-15 330.0,PUT,META,330.0,330.0,15/03/2024,0.01,0.01,0.01,6059,10.0
META240315C00363000,META 2024-03-15 363.0,CALL,META,330.0,363.0,15/03/2024,0.01,0.01,0.01,7923,10.0
META240315P00363000,META 2024-03-15 363.0,PUT,META,330.0,363.0,15/03/2024,0.01,0.01,0.01,7709,10.0
META240315C00396000,META 2024-03-15 396.0,CALL,META,330.0,396.0,15/03/2024,0.01,0.01,0.01,7151,10.0
META240315P00396000,META 2024-03-15 396.0,PUT,META,330.0,396.0,15/03/2024,0.01,0.01,0.01,7102,10.0
META240315C00429000,META 2024-03-15 429.0,CALL,META,330.0,429.0,15/03/2024,0.01,0.01,0.01,10884,10.0
META240315P00429000,META 2024-03-15 429.0,PUT,META,330.0,429.0,15/03/2024,0.01,0.01,0.01,5816,10.0
META240315C00462000,META 2024-03-15 462.0,CALL,META,330.0,462.0,15/03/2024,0.01,0.01,0.01,6561,10.0
META240315P00462000,META 2024-03-15 462.0,PUT,META,330.0,462.0,15/03/2024,0.01,0.01,0.01,12155,10.0
META240315C00495000,META 2024-03-15 495.0,CALL,META,330.0,495.0,15/03/2024,0.01,0.01,0.01,6947,10.0
META240315P00495000,META 2024-03-15 495.0,PUT,META,330.0,495.0,15/03/2024,0.01,0.01,0.01,7496,10.0
META240621C00165000,META 2024-06-21 165.0,CALL,META,330.0,165.0,21/06/2024,0.01,0.01,0.01,8332,10.0
META240621P00165000,META 2024-06-21 165.0,PUT,META,330.0,165.0,21/06/2024,0.01,0.01,0.01,4117,10.0
META240621C00198000,META 2024-06-21 198.0,CALL,META,330.0,198.0,21/06/2024,0.01,0.01,0.01,7305,10.0
META240621P00198000,META 2024-06-21 198.0,PUT,META,330.0,198.0,21/06/2024,0.01,0.01,0.01,10136,10.0
META240621C00231000,META 2024-06-21 231.0,CALL,META,330.0,231.0,21/06/2024,0.01,0.01,0.01,10679,10.0
META240621P00231000,META 2024-06-21 231.0,PUT,META,330.0,231.0,21/06/2024,0.01,0.01,0.01,8778,10.0
META240621C00264000,META 2024-06-21 264.0,CALL,META,330.0,264.0,21/06/2024,0.01,0.01,0.01,5908,10.0
META240621P00264000,META 2024-06-21 264.0,PUT,META,330.0,264.0,21/06/2024,0.01,0.01,0.01,10215,10.0
META240621C00297000,META 2024-06-21 297.0,CALL,META,330.0,297.0,21/06/2024,0.01,0.01,0.01,10116,10.0
META240621P00297000,META 2024-06-21 297.0,PUT,META,330.0,297.0,21/06/2024,0.01,0.01,0.01,1985,10.0
META240621C00330000,META 2024-06-21 330.0,CALL,META,330.0,330.0,21/06/2024,0.01,0.01,0.01,10184,10.0
META240621P00330000,META 2024-06-21 330.0,PUT,META,330.0,330.0,21/06/2024,0.01,0.01,0.01,10655,10.0
META240621C00363000,META 2024-06-21 363.0,CALL,META,330.0,363.0,21/06/2024,0.01,0.01,0.01,9095,10.0
META240621P00363000,META 2024-06-21 363.0,PUT,META,330.0,363.0,21/06/2024,0.01,0.01,0.01,8888,10.0
META240621C00396000,META 2024-06-21 396.0,CALL,META,330.0,396.0,21/06/2024,0.01,0.01,0.01,11156,10.0
META240621P00396000,META 2024-06-21 396.0,PUT,META,330.0,396.0,21/06/2024,0.01,0.01,0.01,7649,10.0
META240621C00429000,META 2024-06-21 429.0,CALL,META,330.0,429.0,21/06/2024,0.01,0.01,0.01,6359,10.0
META240621P00429000,META 2024-06-21 429.0,PUT,META,330.0,429.0,21/06/2024,0.01,0.01,0.01,10696,10.0
META240621C00462000,META 2024-06-21 462.0,CALL,META,330.0,462.0,21/06/2024,0.01,0.01,0.01,10156,10.0
META240621P00462000,META 2024-06-21 462.0,PUT,META,330.0,462.0,21/06/2024,0.01,0.01,0.01,9307,10.0
META240621C00495000,META 2024-06-21 495.0,CALL,META,330.0,495.0,21/06/2024,0.01,0.01,0.01,5185,10.0
META240621P00495000,META 2024-06-21 495.0,PUT,META,330.0,495.0,21/06/2024,0.01,0.01,0.01,7980,10.0
META240920C00165000,META 2024-09-20 165.0,CALL,META,330.0,165.0,20/09/2024,0.01,0.01,0.01,5916,10.0
META240920P00165000,META 2024-09-20 165.0,PUT,META,330.0,165.0,20/09/2024,0.01,0.01,0.01,8632,10.0
META240920C00198000,META 2024-09-20 198.0,CALL,META,330.0,198.0,20/09/2024,0.01,0.01,0.01,5116,10.0
META240920P00198000,META 2024-09-20 198.0,PUT,META,330.0,198.0,20/09/2024,0.01,0.01,0.01,4358,10.0
META240920C00231000,META 2024-09-20 231.0,CALL,META,330.0,231.0,20/09/2024,0.01,0.01,0.01,5199,10.0
META240920P00231000,META 2024-09-20 231.0,PUT,META,330.0,231.0,20/09/2024,0.01,0.01,0.01,3359,10.0
META240920C00264000,META 2024-09-20 264.0,CALL,META,330.0,264.0,20/09/2024,0.01,0.01,0.01,2589,10.0
META240920P00264000,META 2024-09-20 264.0,PUT,META,330.0,264.0,20/09/2024,0.01,0.01,0.01,6566,10.0
META240920C00297000,META 2024-09-20 297.0,CALL,META,330.0,297.0,20/09/2024,0.01,0.01,0.01,8613,10.0
META240920P00297000,META 2024-09-20 297.0,PUT,META,330.0,297.0,20/09/2024,0.01,0.01,0.01,9809,10.0
META240920C00330000,META 2024-09-20 330.0,CALL,META,330.0,330.0,20/09/2024,0.01,0.01,0.01,14794,10.0
META240920P00330000,META 2024-09-20 330.0,PUT,META,330.0,330.0,20/09/2024,0.01,0.01,0.01,9324,10.0
META240920C00363000,META 2024-09-20 363.0,CALL,META,330.0,363.0,20/09/2024,0.01,0.01,0.01,6831,10.0
META240920P00363000,META 2024-09-20 363.0,PUT,META,330.0,363.0,20/09/2024,0.01,0.01,0.01,7105,10.0
META240920C00396000,META 2024-09-20 396.0,CALL,META,330.0,396.0,20/09/2024,0.01,0.01,0.01,10662,10.0
META240920P00396000,META 2024-09-20 396.0,PUT,META,330.0,396.0,20/09/2024,0.01,0.01,0.01,3573,10.0
META240920C00429000,META 2024-09-20 429.0,CALL,META,330.0,429.0,20/09/2024,0.01,0.01,0.01,3764,10.0
META240920P00429000,META 2024-09-20 429.0,PUT,META,330.0,429.0,20/09/2024,0.01,0.01,0.01,4809,10.0
META240920C00462000,META 2024-09-20 462.0,CALL,META,330.0,462.0,20/09/2024,0.01,0.01,0.01,6242,10.0
META240920P00462000,META 2024-09-20 462.0,PUT,META,330.0,462.0,20/09/2024,0.01,0.01,0.01,8420,10.0
META240920C00495000,META 2024-09-20 495.0,CALL,META,330.0,495.0,20/09/2024,0.01,0.01,0.01,5667,10.0
META240920P00495000,META 2024-09-20 495.0,PUT,META,330.0,495.0,20/09/2024,0.01,0.01,0.01,6064,10.0
META241220C00165000,META 2024-12-20 165.0,CALL,META,330.0,165.0,20/12/2024,0.01,0.01,0.01,8346,10.0
META241220P00165000,META 2024-12-20 165.0,PUT,META,330.0,165.0,20/12/2024,0.01,0.01,0.01,3577,10.0
META241220C00198000,META 2024-12-20 198.0,CALL,META,330.0,198.0,20/12/2024,0.01,0.01,0.01,9280,10.0
META241220P00198000,META 2024-12-20 198.0,PUT,META,330.0,198.0,20/12/2024,0.01,0.01,0.01,5200,10.0
META241220C00231000,META 2024-12-20 231.0,CALL,META,330.0,231.0,20/12/2024,0.01,0.01,0.01,8443,10.0
META241220P00231000,META 2024-12-20 231.0,PUT,META,330.0,231.0,20/12/2024,0.01,0.01,0.01,8995,10.0
META241220C00264000,META 2024-12-20 264.0,CALL,META,330.0,264.0,20/12/2024,0.01,0.01,0.01,7467,10.0
META241220P00264000,META 2024-12-20 264.0,PUT,META,330.0,264.0,20/12/2024,0.01,0.01,0.01,7644,10.0
META241220C00297000,META 2024-12-20 297.0,CALL,META,330.0,297.0,20/12/2024,0.01,0.01,0.01,9215,10.0
META241220P00297000,META 2024-12-20 297.0,PUT,META,330.0,297.0,20/12/2024,0.01,0.01,0.01,5464,10.0
META241220C00330000,META 2024-12-20 330.0,CALL,META,330.0,330.0,20/12/2024,0.01,0.01,0.01,9935,10.0
META241220P00330000,META 2024-12-20 330.0,PUT,META,330.0,330.0,20/12/2024,0.01,0.01,0.01,7337,10.0
META241220C00363000,META 2024-12-20 363.0,CALL,META,330.0,363.0,20/12/2024,0.01,0.01,0.01,10512,10.0
META241220P00363000,META 2024-12-20 363.0,PUT,META,330.0,363.0,20/12/2024,0.01,0.01,0.01,10536,10.0
META241220C00396000,META 2024-12-20 396.0,CALL,META,330.0,396.0,20/12/2024,0.01,0.01,0.01,11753,10.0
META241220P00396000,META 2024-12-20 396.0,PUT,META,330.0,396.0,20/12/2024,0.01,0.01,0.01,11415,10.0
META241220C00429000,META 2024-12-20 429.0,CALL,META,330.0,429.0,20/12/2024,0.01,0.01,0.01,10248,10.0
META241220P00429000,META 2024-12-20 429.0,PUT,META,330.0,429.0,20/12/2024,0.01,0.01,0.01,6584,10.0
META241220C00462000,META 2024-12-20 462.0,CALL,META,330.0,462.0,20/12/2024,0.01,0.01,0.01,7263,10.0
META241220P00462000,META 2024-12-20 462.0,PUT,META,330.0,462.0,20/12/2024,0.01,0.01,0.01,5826,10.0
META241220C00495000,META 2024-12-20 495.0,CALL,META,330.0,495.0,20/12/2024,0.01,0.01,0.01,6390,10.0
META241220P00495000,META 2024-12-20 495.0,PUT,META,330.0,495.0,20/12/2024,0.01,0.01,0.01,7130,10.0
META250117C00165000,META 2025-01-17 165.0,CALL,META,330.0,165.0,17/01/2025,171.53,167.24,175.82,8043,35.7
META250117P00165000,META 2025-01-17 165.0,PUT,META,330.0,165.0,17/01/2025,6.53,6.37,6.69,6817,35.7
META250117C00198000,META 2025-01-17 198.0,CALL,META,330.0,198.0,17/01/2025,138.34,134.88,141.8,3451,34.7
META250117P00198000,META 2025-01-17 198.0,PUT,META,330.0,198.0,17/01/2025,6.34,6.18,6.5,5204,34.7
META250117C00231000,META 2025-01-17 231.0,CALL,META,330.0,231.0,17/01/2025,105.16,102.53,107.79,8409,33.7
META250117P00231000,META 2025-01-17 231.0,PUT,META,330.0,231.0,17/01/2025,6.16,6.01,6.31,6279,33.7
META250117C00264000,META 2025-01-17 264.0,CALL,META,330.0,264.0,17/01/2025,71.98,70.18,73.78,7581,32.7
META250117P00264000,META 2025-01-17 264.0,PUT,META,330.0,264.0,17/01/2025,5.98,5.83,6.13,8305,32.7
META250117C00297000,META 2025-01-17 297.0,CALL,META,330.0,297.0,17/01/2025,38.79,37.82,39.76,13830,31.7
META250117P00297000,META 2025-01-17 297.0,PUT,META,330.0,297.0,17/01/2025,5.79,5.65,5.93,10284,31.7
META250117C00330000,META 2025-01-17 330.0,CALL,META,330.0,330.0,17/01/2025,5.61,5.47,5.75,14958,30.7
META250117P00330000,META 2025-01-17 330.0,PUT,META,330.0,330.0,17/01/2025,5.61,5.47,5.75,7551,30.7
META250117C00363000,META 2025-01-17 363.0,CALL,META,330.0,363.0,17/01/2025,5.43,5.29,5.57,4963,29.7
META250117P00363000,META 2025-01-17 363.0,PUT,META,330.0,363.0,17/01/2025,38.43,37.47,39.39,9860,29.7
META250117C00396000,META 2025-01-17 396.0,CALL,META,330.0,396.0,17/01/2025,5.25,5.12,5.38,7069,28.7
META250117P00396000,META 2025-01-17 396.0,PUT,META,330.0,396.0,17/01/2025,71.25,69.47,73.03,8855,28.7
META250117C00429000,META 2025-01-17 429.0,CALL,META,330.0,429.0,17/01/2025,5.06,4.93,5.19,5980,27.7
META250117P00429000,META 2025-01-17 429.0,PUT,META,330.0,429.0,17/01/2025,104.06,101.46,106.66,9709,27.7
META250117C00462000,META 2025-01-17 462.0,CALL,META,330.0,462.0,17/01/2025,4.88,4.76,5.0,5723,26.7
META250117P00462000,META 2025-01-17 462.0,PUT,META,330.0,462.0,17/01/2025,136.88,133.46,140.3,10362,26.7
META250117C00495000,META 2025-01-17 495.0,CALL,META,330.0,495.0,17/01/2025,4.7,4.58,4.82,6462,25.7
META250117P00495000,META 2025-01-17 495.0,PUT,META,330.0,495.0,17/01/2025,169.7,165.46,173.94,7603,25.7
AAPL240315C00087300,AAPL 2024-03-15 87.3,CALL,AAPL,,87.3,15/03/2024,0.01,0.01,0.01,4421,13.12
